临危不乱 淡定淡定[允悲][ok],正面
工作的女人最帅[比耶],正面
这是缘～亦是最美的香肩～ 临危不乱 应对好稳!,正面
好淡定的宝宝 太美了[给你小心心][鲜花],正面
最美的香肩,正面
露给我看的[舔屏][舔屏][舔屏][舔屏][舔屏],负面
梦回芸汐传,正面
？咋又上热搜了呢？[允悲] @鞠婧祎 不愧是你,正面
美的没话说，鞠婧祎永远的神,正面
#鞠婧祎衣服吊带断了# 万转出圈神作[女孩儿],负面
临危不乱，从容淡定[酷],正面
是的！我也想到了这个[害羞],正面
这肩膀我可以靠上去吗,负面
这场我的最爱#鞠婧祎衣服吊带断了#,负面
老公 怎么回事 热门没看到你[看书],正面
刚刚听完这首歌[太开心],正面
淡定自如,负面
临危不乱的好宝宝[亲亲][亲亲],负面
这场真的太美了[泪],正面
陪陪，热门看不到你了[苦涩],正面
厉害,负面
好厉害[哇][哇][哇],负面
为月球上的中国红🇨🇳点赞[good][good],正面
[赞],正面
[赞],正面
[哇],正面
[赞][赞][赞],正面
[good],中性
好厉害[good],负面
[心][心][心],正面
支持女孩子长大以后等它老了天天坐在床前面把它屎打出来塞它嘴里,正面
这种父亲是个暴徒[怒],正面
能理解的那一部分不知道是哪种人？,正面
不愧是安徽人[嘻嘻],正面
我小时候帮爸爸去买苹果，塑料袋拖在地上把袋子里的苹果拖坏了好多个。回到家爸爸一脚踹到我胃部，从此很长一段时间胃疼。想想真的挺可恨，我能拖着塑料袋在地上走，说明那时我的个头才多矮啊，乖巧的帮他去干活只不过年纪小没考虑后果，就要被那样毒打。所以成年后，我跟父亲关系很疏离,正面
很好，这孩子这辈子都不敢跟她爸开玩笑了，等他爹老了走不动了的时候也还记得这一脚,正面
这种视频看了血压就上来了,正面
能理解的都是同类牲口[吐],正面
看一次气一次，什么猪狗不如的东西，孩子都下得去脚！,正面
家庭遇到变故，或者女人跑了[doge],正面
孩子天真的跟他玩耍不喜欢可以事后教育，这样踹一脚也太极端了[微笑],正面
我也有女儿 有时候对她大声说话都觉得内疚,负面
“猪狗不如”,正面
这不得拘留个15天的,负面
这已经不是适不适合当爸爸的选择了，这他妈简直就不是配当人。,负面
不明白为什么要生呢，喜欢自由潇洒就不要生孩子，生了你就认了，别结仇，自己的孩子也是会生怨恨的,正面
什么暴力狂,正面
这怂不是爸爸吧,正面
这样的爸爸真是特别多，属于基因特性，另一半总是愿意用一生和下一代去赌对方是个好东西[摊手]很悲哀,正面
打一下就得了，还踹一脚，不知道自己多大力气吗,负面
果然啊[doge]dy更新之后就来了[doge]dy更新是微博的预告片[doge],负面
这个太有氛围感了!烨妈拍照绝了[爱慕]@林子烨-Lester http://t.cn/A6HIT0Gy,正面
有没有在墨尔本看到企鹅🐧,负面
#林子烨[超话]# 阳光打在身上真好看[比耶],正面
这是库存呀，还有多少库存没发[doge],负面
好帅！好绝！真是如维纳斯黄金比例般的奇迹我恨不得又哭又叫从五行山下嗖一声窜出来跑遍五岳爬珠穆朗玛峰跑哭来一个螺旋跪地为您的帅气而哭泣到震撼灵魂出窍五脏六腑颤抖眼泪形成长江黄河太平洋滋养！ http://t.cn/A6HIYz6l,正面
还有没有库存 再抖抖[doge],负面
又是库存，啥时候可以看到新鲜的[苦涩],正面
你的人生照片[嘻嘻],正面
第一世，我是天才女将，却被小人诬陷欺君罔上，一世英名毁于一旦。第二世，我本是豪门千金，却被从天而降的养女陷害 ，悲痛自刎。这一世 我要让他们都付出代价，《翻我》 聆听我的复仇计划,正面
我爱了,正面
子烨这是在自拍嘛[doge]烨妈发出来看看[好喜欢] http://t.cn/A6HImyQN,正面
乖乖好多库存[抓狂][哇][哇][哇],负面
宝宝今天走的是小狗学弟风吗[可怜],正面
我去爬山到山顶时缺氧呼吸困难，于是拿出一瓶氧气吸了一口，瞬间精神抖擞，我在想这是什么气这么好用，原来是你好帅气😎 http://t.cn/A6HIYhWg,正面
在自拍吗[思考] http://t.cn/A6HIjExY,正面
好像穿越进了哈利波特 http://t.cn/A6HIjH3Q,正面
我们家子烨好帅[发芽][发芽][发芽],正面
打卡——好帅呀宝宝[抱一抱][抱一抱][抱一抱] http://t.cn/A6HI8OWd,正面
烨妈 感觉子烨又长高了[哇],正面
手真欠。真恨自己的手不能伸进视频里给他一个大逼斗,负面
这小孩真是手欠，看的我都想生气。旁边的人还高兴的叫[允悲][允悲]。这种孩子真是够了。,正面
做父母的是怎么教育孩子的？！,正面
不就是一个小魔术吗？和三仙归洞，本质上没啥区别,正面
真该给他一家子来个大兜逼！！,负面
有什么好揭穿的，又不是魔法，是个人都知道这只是表演技巧。,正面
真沒教養,负面
还能再淘点吗，以后早晚惹大祸，没准现在坟头草已经老高了。,正面
孩子手欠，家长也没家教。活该放网上年年被鞭尸。,正面
手真欠打,负面
哈哈哈哈哈哈[笑cry][笑cry][笑cry],正面
这不犯法的吗？变脸是中国传统文化，是不允许公开的啊,正面
家教,正面
哈哈,正面
哈哈哈哈[笑cry][笑cry],正面
哈哈！,正面
素质教育任重道远,正面
转发微博,正面
找到了，心就是孩子的孙子，大家使劲骂//@湖里的牛:不就是一个小魔术吗？和三仙归洞，本质上没啥区别,正面
手欠呢[微笑],正面
迟到前：要把学校当做家一样看待； 迟到后：你把学校当你家呢？,正面
高考前：国家一级保护动物 高考后：四害,正面
带过你的老师说这话杀伤力翻倍,正面
是这样，我考完第二天回教室收拾东西，书铺满整个地面已经有人在拿了，我的一个装重要物品的箱子已经不见了,负面
别提了，我校园卡还剩150块钱，延迟了2天去退款，就冻结了。钱不给了。[傻眼],负面
还好我们今天返校取行李的时候学校说 希望大家多回母校看看 母校永远是你们的家,正面
我们今天就是，刚下考场让我们立马收拾东西滚蛋，一秒别多待,负面
woc完全是我们,中性
别说了 老师考试前不允许我们收东西说扰乱军心 “反正你们考完之后随时都可以回来收拾” 结果昨天回学校全部东西都被不见了 真的崩溃了 我的吧唧和盲盒。。。[泪][泪],正面
没扔垃圾前：学校是我家清洁靠大家 扔垃圾后：在学校能跟在自己家一样吗垃圾随地扔,负面
[温馨提示]老师们好。最近可能会有毕业生回学校看望老师，针对此问题进行重点提示: 期末阶段，学生比较焦躁，为了保障我校学生的身心安全，原则上以前的毕业生禁止入校。,正面
我服了[允悲],正面
我草笑死我了 阴天一中真实写照呃啊啊啊,正面
哈哈哈哈哈真实,正面
欢迎的是18岁的我,正面
高考让我知道原来学校饭堂是会做新鲜的菜[允悲]第一次吃到新鲜出炉的肉和青菜,正面
其实父母也这样的 高考前对你百依百顺 高考结束当天晚上就能和你吵架 毕竟我中考的时候我妈就是这样的,正面
[doge]不，就算没高考学校也不让我们假期留校,正面
[馋嘴] http://t.cn/A6HkdC1f,负面
提前跟老师说好就可以进去了[爱你],正面
请你继续保持这个更新速度[给你小心心][给你小心心],负面
真的好帅呀[憧憬],负面
你用座机拍的啊大柿子[允悲][吃惊],正面
保持你的更新速度[作揖],负面
好帅的宝宝,正面
老板好帅[打call],负面
老板好帅啊啊啊啊,正面
我靠 这是小说男主走进现实了吗[憧憬],正面
小室！我要两个小时的vlog[污][污]@范丞丞工作室,负面
好帅[打call][打call][打call],负面
老板好帅[女孩儿],正面
好帅啊宝宝[打call][打call][打call],负面
喔，帅哥哦[爱慕][爱慕][爱慕],正面
好帅啊[心],正面
帅晕了,正面
老板太帅啦[好爱哦],正面
老公好帅！！,负面
老板好帅[求关注],正面
可以 是我的菜[喵喵],负面
老板好帅[春游家族],负面
只有宋雨琦这衣服的气场,正面
p3白鹿好美,正面
章若楠？？,正面
偶遇张真源 http://t.cn/A6T8wn5K,负面
雨琦,中性
@满哥爱吃汉堡 zrn,正面
zzy帅死了我说,正面
这都谁和谁啊？以前的那几个呢？,正面
白鹿美美的,正面
我对象怎么在里面[doge],正面
张真源超绝6头身,负面
嘿！你也在关注“奔跑吧”吗？快戳http://t.cn/A6Tjy97v进入专题页查看并关注相关博主吧，包含@李晨 、@郑恺 等8位博主哦，热门精彩内容不错过！ http://t.cn/A6THWryK,正面
章若楠太美啦[哈哈][抓狂],正面
哲远啊,负面
白鹿好美,正面
挺飒啊[doge][doge],正面
好看,正面
雨琦真的帅[心],正面
白鹿好好看！,正面
蓝精灵啊？,正面
好多男的娶不到老婆呢……既然累就放过你老婆吧,正面
谈的时候发现不对劲千万别继续[允悲]这种人多着呢,正面
赶紧离了，放过自己,负面
这种女的拿来爪子，安？！,正面
男人要是把女人戒了，不得立马起飞[笑cry],负面
这手真稳，一点不带抖的,负面
赶紧离了吧，留着闹心,负面
点外卖呗,正面
有得搞知足吧,正面
你生气吵架的时候还摆个手机记录生活？[doge],正面
有没有可能你不出去跑一天外卖 你晚上连碰她的机会都没得？,负面
以后有了孩子，只有妈在家里，还要被女犬说丧夫式带娃,正面
离呗,正面
离了你会过的比现在好的多得多！,正面
娶了个祖宗,正面
“全职保姆”“生育机器”这种b话现在的女的怎么有脸说出口的,正面
我说，虽然想靠孩子分男人钱挺蠢的没错，但是王思聪不想要非婚生子女他不能管好自己的🐔吗[泪],正面
成🐉都不认娃，她凭什么觉得wsc能认？wsc又不是明星，人家也不缺孩子[二哈],负面
怎么又卖单亲妈妈可怜的人设。之前不是怼网友说，如果你知道孩子爸爸是谁，你就会知道我有多好命么[笑cry][笑cry]现在又说自己多辛苦，又说自己不想做富太太,正面
这不就是小说里的霸总x十八线小明星，还有带球跑和直播的剧情，现实比小说更狗血啊[傻眼],正面
应该是真的吧，不然怎么敢乱说是王的，人家告都能吧她告死，看后续王思聪出不出来回应就知道真相了，让子弹再飞一会吧,负面
wsc又不认、他不配合也做不了亲子鉴定,负面
不要一分钱，不想做富太太，那还跑到平台公开干啥呀[二哈],负面
一点不同情她,正面
她这直接说，我觉得王家更不认了，会觉得这女的上不了台面。,负面
好的我建议你们的家事不要占用公共资源,负面
王健林：终于有孙子了,正面
这女孩子很漂亮很好看很好啊，自己都那么年轻还带着孩子，我觉得她很好，如果是王的孩子，希望他好好带孩子和孩子妈妈吧，他也不小了，我觉得负责是应该的,正面
😂这一眼看就是王思聪基因啊……太像爷爷了[笑哈哈],正面
只能生一个孩子，又自己能抚养，为啥要自曝？就不怕人家跟你要抚养权吗？,负面
说这么多要不然直接晒亲子鉴定吧[吃瓜][吃瓜]你说是总得给个证据吧[吃瓜]最后一句，这娃真惨，摊上这样的爸妈,负面
王思聪在外面的孩子只有这一个吗？,正面
别的不说，孩子挺像老王的[doge],正面
是的，我们有一个孩子。——华晨宇（被迫） 是的，我们有一个孩子。——黄一鸣（主动）,正面
啥也不图就偷偷养呗，生出来公布出来不就想图点啥[允悲]上策是当富太太，下策是立人设当网红，怎么都不亏，孩子长大了也有话题，这女生聪明着呢,正面
怎么说呢，祝你成功吧，争取多要点钱[doge]大概率比不上当年的梁洛施[doge],正面
博主粉丝真多,正面
你也太优秀了永远支持,正面
博主真的是太秀了,正面
♡一♡點♡點♡小♡樂♡趣♡,正面
你最近真讨厌，讨人喜欢，百看不厌,正面
我来支持你啊,正面
不错不错👍,正面
太棒了👏,正面
狗的鼻子总是湿的,正面
逝者如斯夫，不舍昼夜,正面
谢谢分享哈,正面
内容挺不错,正面
支持博主,正面
追赶不上的不追，挽留不住的不留,负面
没有风暴的海洋，那不是海，是泥塘,正面
华晨宇曾经在采访里，记着问：你觉得你最大的才华是什么？华晨宇说：我最大的才华是自由！,正面
一眨眼就过去了一天，还是觉得日出演唱会非常梦幻非常不真实。我们的愿望居然就这样实现了 http://t.cn/A6H7uLBi,正面
不喜欢，就是个跳大神的,负面
华晨宇不错[good]有创新,正面
又开始洗了这是,负面
好美[送花花][送花花],正面
好美[打call][打call][打call][打call][打call],正面
啊啊啊啊啊啊啊啊菊姐[跪了],正面
#氧化菊夕阳九连拍# 夕阳下的美好瞬间,正面
我是嘴里的花[哇],正面
温柔的好天气总是和你一样止不住心动,正面
好强有力的野生美感[awsl],负面
你与晚霞同样美丽，晚霞却远不及你,正面
好美[舔屏],正面
美[打call][打call][打call],正面
女人你迷住我了[doge],正面
菊好美,正面
[哇][哇][哇][哇],负面
太美啦！！！[送花花],正面
我也要好好挣钱我也想看看祖国的大好河山,正面
宝宝美[爱你],正面
哈哈 今天去西大图书馆坐在你捐赠的桌椅上准备考试 来点个赞[嘻嘻],正面
菊一发美照，满脑都是to签[酷],负面
太美了！！[哇],正面
前排！,中性
大多数幼儿教师都是这样领舞的,正面
她一定很爱她的工作,正面
有这样可爱的老师每天得多开心呀[送花花][送花花][送花花],正面
老师，我30多了还能入园不,正面
一看就是爸爸拍的[允悲],正面
肢体动作表情全部到位，全身心的投入！[赞][赞][赞],正面
表情假的不能再假了……还超喜欢？[挖鼻],正面
可可爱爱,正面
可可爱爱的老师[哈哈],正面
搞笑版刘亦菲[笑cry][挤眼],正面
[微笑][微笑][微笑][微笑]认真的吗。好吓人,正面
可爱,正面
有趣的老师万里挑一[心],正面
这算是把声情并茂演绎得淋漓尽致，惟妙惟肖，活灵活现，入木三分吗？,正面
如果在我幼儿时有这样一位老师就好了，可惜只是如果[微笑],正面
关注~,正面
关注[话筒],正面
三十五岁以后表情纹特别重，别问我怎么知道的[允悲],正面
哪家幼儿园？我让我妈把我也送过去,正面
这是真热爱,正面
张纯如，人民英雄永垂不朽！[鲜花][鲜花][鲜花][鲜花],正面
致敬,正面
历史的细节，永远不会被遗忘[送花花],正面
[good][打call][鲜花],正面
[鲜花][鲜花][鲜花][鲜花][鲜花][鲜花]先生千古,正面
民族的骄傲，华夏好儿女！[泪][鲜花][鲜花][鲜花],正面
[鲜花][鲜花][鲜花],正面
女士千古！[赞],正面
先生千古[鲜花][鲜花][鲜花][鲜花][鲜花][鲜花],正面
[作揖][作揖][作揖],负面
敬礼！,中性
当今社会还有正义有英雄吗？看我,正面
张先生,负面
还原真实历史 是个敢说真话的大人物。,正面
致敬张纯如先生！敬礼,正面
致敬英雄张纯如中国人民绝对不能忘记,正面
先生大义，先生千古！,正面
吻完不用刷牙了[笑cry],正面
#刘亦菲为了气我真是什么戏都接#,正面
真亲,正面
转发微博,正面
不亲白不亲[doge],负面
后来全国老百姓给她上万民贴保她，法院也没办法，判了个奇葩罪行，说开枪那一瞬间她脑子短路了，不是故意的，判了七八年，坐了大概两三年就出来了！但，太思恋女儿了，精神和身体都夸了，没多久就去下面跟女儿见面了[挖鼻],正面
没有死邢确实对不起家属[怒][怒],负面
这个每次看到都觉得帅到疯狂,正面
后面的法官好像都有点再笑[允悲][允悲],正面
保安：321，好了子弹打完了,正面
八枪是子弹的极限，不是她怒火的极限。,负面
我还以为把法官打死了,正面
很好，等她把子弹打完了再阻止[嘻嘻],正面
数了下好像没有八枪,负面
保安专门等她打到没有子弹才去制止[doge],负面
太理智了,正面
[揣手]保安让她打完了才拦住的,负面
伟大的母亲,正面
好帅[泪],正面
“快打，打完我要拦了”,正面
手枪怎么带进法庭的？,负面
八枪是子弹的上限，不是母爱的上限。[赞],正面
建议法官也给一枪,正面
她的眼睛因为射出子弹的巨大响声而颤抖，可是她扣动扳机的手却是那么决绝[泪]好伟大的母爱,正面
蹲个电影名,正面
[good][good][good][good][good],中性
不想说[doge],负面
🙏🙏,中性
致敬,正面
汉芯之父是谁，好像是个电焊工来着？,负面
致敬,正面
致敬[收到],正面
向女士致敬！,正面
致敬,正面
[赞][赞][赞],正面
🙏🙏🙏,中性
水稻之父 芯片之母…… 遥遥领先[贊],正面
🙏,中性
🙏🙏🙏🙏🙏🙏🙏🙏🙏🙏🙏🙏,中性
向先生致敬[心][鲜花][鲜花],正面
[good][good][good],中性
[鲜花][鲜花][赞][赞],正面
我不相信一个老太太能研究出来,正面
向黄令仪奶奶致敬,正面
👍,中性
她不是塌房了吗,负面
这是个看脸的时代,正面
内容优质厉害了,负面
身材不错,正面
博主博文太棒了,正面
果真是高手，是在下输了,正面
感谢分享，了解了,正面
内容很精彩,正面
哈哈哈，很不错,正面
太可爱了,正面
不错啊,正面
ott到底是啥意思呀？,负面
没完了，别甩我一脸史[偷笑],负面
不生不灭无魂无魄，只有一具不朽的躯壳。,正面
加一,负面
可爱,正面
[给你小心心][给你小心心],负面
[太开心][太开心],正面
@L是漾漾呦,负面
糯米团子,正面
[打call][打call][打call],负面
[赞],正面
[可爱],正面
[赞],正面
看,正面
[打call],中性
o,负面
[哈哈],正面
[抱抱],正面
[鼓掌],正面
[新鲜好柿][新鲜好柿][新鲜好柿],负面
小五坐树枝上那个呢,正面
我有一个头像就是熊猫生气面壁的背影[嘻嘻],正面
青春长腿美少女[挂灯笼],正面
什么魔力让你冒着中暑的风险，也要去游乐城。,正面
我看排队老长都没排[泪]好吃嘛,正面
大手雷么[666],负面
美女姐姐，求裤子链接[抱一抱],正面
恭喜，您的微博获得北京同城微博榜排名第1名！进榜单的本地微博都在这里，点击查看>>http://t.cn/A6QPEoN4,负面
多解压啊[二哈] 还解乏,正面
通州老大了  雷还特响 好在没断电,负面
房山一点没下[笑cry],负面
朝阳这边不可描述,正面
前几天已经有过一次了,负面
第三次了吧,负面
北京西站现在在下雨吗[泪],正面
冰雹给我砸了一脑袋包 现在我和佛祖一样,负面
几次了[允悲],正面
恭喜恭喜 从16年关注到现在 从小姑娘到中戏毕业[努力][努力][努力][努力],正面
啊？你才毕业啊[允悲][允悲][允悲]姐妹来点导演吧 找你演古装剧 你古装好看 好看超大声[抓狂],正面
恭喜恭喜[打call]毕业快乐开启人生新篇章[打call] http://t.cn/A6QPBwuB,正面
都是大美女呀 http://t.cn/A6QPB2e8,负面
恭喜毕业啦[打call][打call]要开启新的人生了 http://t.cn/A6QPBCau,正面
是友情最美好的样子了[微风][太开心][太开心][太开心] http://t.cn/A6QPBZ1k,正面
毕业快乐[抱一抱],正面
宝宝毕业快乐[爱你],正面
美疯啦[心]期待宝宝越来越好😘,正面
祝贺毕业，拥抱辉煌人生[哈哈][哈哈][哈哈][哈哈],正面
祝你的人生充满无限可能[鼓掌],正面
第一夸夸我😀@陈婧旸,正面
宝毕业快乐[心],正面
毕业快乐大家谢谢老师的教导[兔子][兔子][兔子][兔子][兔子][兔子] http://t.cn/A6QPBAzK,正面
@赵今麦angel 麦麦女士毕业快乐[太开心][心][心],正面
未来一切顺利！期待待播剧们和新剧[打call][打call][打call] http://t.cn/A6QhJv6T,正面
毕业了，愿我们的青春永不散场。,正面
毕业快乐[送花花],正面
毕业快乐[打call],正面
毕业快乐[耶][耶],正面
太美啦[好运连连][好运连连]要幸福！,正面
好美，好幸福，看到的人也会开心的那种[赞啊][赞啊],正面
哈啊哈哈哈可是！图12的老爸有点搞笑,正面
问一下从哪拍的婚纱照，好漂亮[送花花],正面
美鼠了[心][心][心]想问问妈妈的旗袍有链接吗[开学季],正面
图二婚纱照在哪一家拍的[打call],负面
请问图6妈妈的旗袍有链接吗,负面
恭喜,正面
父亲出现的镜头都是难舍啊,正面
新婚快乐[哇],正面
这是啥酒店呀,负面
妆造是哪家的呀[太开心],正面
幸福[打call],正面
美美哒,正面
[心][心],正面
恭喜，您的微博获得北京同城微博榜排名第20名！进榜单的本地微博都在这里，点击查看>>http://t.cn/A6Q7Qdbg,负面
3岁半娃儿，嘴里含着饭菜，就是不怎么咽，一口饭菜能吃十几二十分钟，就含着，饿也咽的特别慢，愁死了，身高体重都不达标,负面
崔医生你好，我宝宝2岁10个月，说话说的不是很清楚，我作为家长可以听懂，但是外人都听不懂，她理解能力可以，也听得懂我们说什么。2岁就送她上托班了，现在的语言能力还是不怎么样，我现在很焦虑，我孩子是语言发育有什么问题吗？,正面
主任好，孩子六岁多了，偶尔说肚肚痛和屁屁痒，需要吃打虫药吗？打虫药推荐一下吃哪款比较好呢？,正面
五岁多了，咀嚼不好也可以这样吗？,正面
小浣熊雪糕吗哈哈哈哈,正面
小浣熊和她的朋友们[抱一抱],正面
不是，难道摄影师不知道给你摆一下手吗？没有打手吗,负面
美的冒泡,正面
配个垫子,正面
[doge],中性
[打call],中性
不是这个真的赚小珍珠了,负面
已开放保存[太阳],正面
台下嘶喊的“黄誉博”与兴奋的小波 一起奔向数不尽的鲜花和掌声  [泪],正面
救命 [悲伤][悲伤],正面
想哭[悲伤][悲伤],正面
[泪][泪][泪][泪][泪][泪][泪][泪][泪][泪][泪][泪][泪][泪][泪],正面
他真的可以一眼认出他的菠萝们[泪][泪][泪][泪],正面
哭死了[泪][泪],正面
是一眼就能认出自己菠萝们的小波[泪],正面
怎么这么可爱,正面
好喜欢[爱慕],正面
[送花花][送花花],正面
[泪][泪][泪]要掉小珍珠了,正面
要哭了[泪][泪][泪],正面
菠萝们与小波的双向奔赴[泪],正面
是彼此的骄傲[泪][泪][泪],正面
[泪][泪][泪]好爱他,正面
[悲伤][悲伤][悲伤][悲伤],正面
[苦涩]真好,正面
[悲伤][悲伤][悲伤]哭死了,正面
这环境太舒服了！立刻安利我北京的朋友周末去～,正面
这地方看着好舒服[哈哈],正面
上vlog[并不简单],负面
这个看着很好呀,正面
咋收费,负面
太美了 [心][心][心][心],正面
此微博已在http://t.cn/A60R2Auo中作为优质微博推荐，帮更多同城小伙伴发现宝藏打卡地 。http://t.cn/A6bPM2GB,正面
洗浴温泉博主,负面
下午茶好棒,正面
我也要去玩,正面
哇塞太治愈了啊,负面
寻一处宁静生活[嘻嘻],正面
大哥 衣服链接[哇],负面
好惬意[送花花],正面
美腿[爱你],正面
好舒服的地方[心],正面
舒适度💯[开学季],正面
真不错耶,正面
不错不错,正面
不错不错 感谢分享,正面
是新疆吗啊啊啊,正面
真正的美丽就是源于生命力！,正面
继xhs 后又在wb 看到,正面
哇哦，看来这位博主的生活真的很精致呢！我也想要过上这样的生活，每天都充满幸福感。,正面
幸福叠加[赞],正面
会不会害怕[哈哈][哈哈],负面
恭喜，您的微博获得北京同城微博榜排名第24名！进榜单的本地微博都在这里，点击查看>>http://t.cn/A6QPEKVo,负面
离得很近啊老妹儿,正面
奶茶？,正面
🍻,中性
咖啡是引子[doge],负面
替我关机谢谢。,负面
好好看,正面
明白[doge] http://t.cn/A6Q78ESA,正面
我等你 http://t.cn/A6Q78EGZ,中性
你俩不二家啊@花小龙Oy http://t.cn/A6Q78Ek0,正面
龙哥 我举报 刚才酸菜鱼在小太阳表姐直播间 乱探  3000人作证[doge],正面
不让陈泽趴你下面吗[二哈],正面
老板娘能等到你吗 http://t.cn/A6Q78n3t,正面
老板娘也不播了[doge][doge][doge],正面
肯定是看的啥了  道心不稳了[doge][doge],正面
必须播[怒骂][怒骂],负面
随地大小撑[允悲],正面
花花老师 没关系等你[在线等],正面
明白，合理，无论多晚都等你！[doge][doge][doge],负面
很晚也得播[喵喵],负面
明白🫡,正面
肌肉控制大脑,正面
除了下播信，其他一概不信,负面
我们要知道一手消息！[doge][doge][doge],正面
花花老师  突然做俯卧撑是因为胖了10斤的原因吗哈哈哈,正面
愣是没听明白到底是播还是不播[费解],负面
突发恶疾啊龙,正面
好厉害呀宝宝[亲亲] http://t.cn/A6Q7Qs4d,负面
摇花手吗？哈哈哈哈哈哈[污] http://t.cn/A6Q7Qs3m,负面
哈哈哈小号提前看过啦宝宝要注意安全呀！（允宝好厉害[哇][哇][彩虹屁]@林允Jelly http://t.cn/A6Q78LmF,正面
宝宝快看我抓到三个娃娃[羞嗒嗒]@林允Jelly http://t.cn/A6Q78Uy8,正面
宝宝注意安全！,正面
解释一下这什么表情[喵喵] http://t.cn/A6Q78zzs,负面
盲猜是不是剧里罗令妤参加花神选的训练[爱慕][爱慕][爱慕],正面
天降美人[嘻嘻],正面
宝宝也太厉害了吧哈哈哈好可爱,正面
咳咳是谁在小号提前看过并且听过超大声音的[喵喵][喵喵]@林允Jelly http://t.cn/A6Q78Gia,正面
看看我，耶耶耶 http://t.cn/A6Q782S0,负面
看着好辛苦呀宝宝[可怜],正面
加油哟[鲜花] http://t.cn/A6Q7Qso3,正面
宝的腰好细啊[污] 感觉很适合搂在我怀里,正面
在拍什么剧吗？透露透露[污],正面
这是在舞蹈室还是在剧组呀[送花花],正面
霞姐要注意，小心点呀，给我看的有点吓人,正面
好柔美啊允子 绝绝子[爱你][爱你],正面
注意腰呀宝贝[揣手],正面
霞姐一脸的认真[嘻嘻][嘻嘻][嘻嘻],正面
你还是那么爱你的束脚裤[泪],正面
老大……弱弱的说一句：我以为第二张图片左上角上粘上屎壳郎,负面
小脚裤是生活 宽裤是工作[偷樂],正面
你还是那么爱你的Amiri,正面
欢迎老大来山东，周六周日见 [送花花],正面
啥時候接Amiri代言,负面
抢到票了[泪][泪][泪][泪]终于！！！！,正面
这个裤子好看的呀[跪了],正面
等着，我周六上午就到青岛了[来][干饭人],正面
啊啊啊啊啊啊我记住了！记得死死的[舔屏],正面
陶喆你还是那么喜欢你的束脚裤[允悲],正面
还是年轻啊，裤子永远穿九分的,正面
欢迎来到青岛David[抓狂],正面
老大 这条裤子是不是救了你的命🫰🏻,正面
熟悉的阿迪外套[思考],正面
你关心我，你心里有我[看书][看书][看书],正面
所以会唱山东话版今天你要嫁给我吗[开学季],正面
这条裤子包着其他的束脚裤一起扔远点可以吗老大[爱你],负面
轻松舒适，出行也想这么穿,正面
这个裤子买了几条 真诚发问,正面
老婆太太太美啦！！！好运常在[抱一抱] http://t.cn/A6Q7Y4XI,正面
苍天啊 美女啊 你终于知道你戴眼镜是有另一种美感的了宝宝[来][来][来]好看 爱看 http://t.cn/A6Q7Y5Vf,正面
这么好看啊 http://t.cn/A6Q7YyHG,正面
好漂亮啊[哇][哇][哇] http://t.cn/A6Q7YwUD,正面
后天苏州见！！！ http://t.cn/A6Q7YwFZ,负面
好漂亮啊老婆[抱一抱] http://t.cn/A6Q7YZLt,正面
啊啊啊啊啊吧好喜欢宝宝 http://t.cn/A6Q7YZPm,正面
美 老婆你美[抓狂][抓狂] http://t.cn/A6Q7YZoO,正面
老婆好漂亮[干饭人] http://t.cn/A6Q7Yyeu,正面
好巧啊，啊涛[爱你] http://t.cn/A6Q7YShY,正面
刘涛什么时候进组[亲亲] http://t.cn/A6Q7YbLa,负面
我老婆好漂亮好漂亮好漂亮🥵 http://t.cn/A6Q7YUgi,正面
路过被扣 好无助 美得令人安心[哆啦A梦害怕] http://t.cn/A6Q7YUzy,正面
宝宝腿比我命还长🥵缠我腰上…🤤 http://t.cn/A6Q7Yy05,负面
老婆好高好瘦腰好细腿好长[舔屏] http://t.cn/A6Q7YqM0,正面
桃桃你的小腰露出来了[色] http://t.cn/A6Q7YUPu,正面
老婆真漂亮真可爱[哇] http://t.cn/A6Q7Yiut,正面
救命🆘我的妈妈耶！这是什么绝世美女啊[舔屏] http://t.cn/A6Q7YAf3,正面
俺老婆真漂亮[哇] http://t.cn/A6Q7YYUU,正面
姐姐你每天都吃点啥[舔屏]？怎么会如此漂亮[给你小心心]！一想到我们即将见面，我就好高兴啊[哈哈]！ http://t.cn/A6Q78ruz,正面
而有的人 好像在进货一样[拜拜] http://t.cn/A6Q7QSxb,正面
哇塞 抓娃娃！我把你抓走可以吗？！@苏醒AllenSu http://t.cn/A6Q7Qxjm,正面
我帮你夹[哇][哇][哇],正面
你给我钱，我给你夹,负面
你的才能不需要浪费在这种地方[笑cry],负面
宝叫我～我们一起抓[给你小心心][给你小心心][给你小心心][给你小心心][比耶],负面
没事 我来帮你抓[doge],负面
#苏醒[超话]#继续努力，相信你可以的[爱你],正面
现在的娃娃机你➕到第十次就会让你成功一次,正面
没事，我也没有夹到过[吃瓜],负面
我也是🙃但如果里面有你我就跟它死磕到底[送花花] http://t.cn/A6Q7QaQ4,负面
不笑你，你最可爱 http://t.cn/A6Q7QJsb,正面
哥哥最近美貌直线飙升啊[哇],正面
要什么自行车[怒骂]都没你可爱[剑网3],负面
哥哥不要那么灰心❤️ 加油加油加油[打call],正面
哈哈哈哈没关系哥哥,正面
我会夹下回找我帮忙,负面
摸摸猫猫头，我也没夹到过[苦涩] http://t.cn/A6Q7QXgW,正面
你对夹娃娃的热情，都写在脸上了……,正面
[太开心][太开心]所以你们六个人谁夹到了？,正面
HELLO!🔵听说这里有🔹三代rap原创第一人🔹 美颜创世神🔹视觉门面center🔹海外人气𝐓𝐎𝐏❓对的⭕你要的航来啦@TF家族-左航🌀TF三代最强rap担🌀表情管理NO.1🌀灵魂鼓手 乐队心脏🦋,正面
💚💙余宇涵 第一超核ace帅气爱豆 💚💙饭撒小天使💚💙余宇涵反差主舞@TF家族-余宇涵yh 💎💎 蜜罐王子💙💚可盐可甜💙💚 http://t.cn/A6QPhSBe,正面
❗️❗️❗️恭喜你发现了宝藏小余💚💙实力派门面主舞💙🐟💚力度精准掌控💙🐟💚超强表情管理🦋🦋骨相帅哥帅破天际💙💚地表最强全能ACE等你来爱❗️❗️❗️@TF家族-余宇涵yh http://t.cn/A6QPhSuc,正面
💙💚纯血上楼💙💚天赋型爱豆💙💚可盐可甜💎💎三代首个百万直拍拥有者@TF家族-余宇涵yh 💙💚老公儿子随时切换🔵🟢饭撒小爱神💙💚走过路过不要错过💙💚大家一起来见证余宇涵高位出道💙💚,正面
💎💎门面主舞余宇涵🐟💙💚🐟天赋异禀加之百分之百的汗水💎🟢🔵🧊实力黑马扭转乾坤🧊💙💚🧊台上荷尔蒙爆棚🦋💙💚🦋台下综艺之神笑料不断💎💎@TF家族-余宇涵yh http://t.cn/A6QPhabA,正面
💙💚第一超核ACE余宇涵💙💚实力爆表爱豆预备役💎💚💙💎天赋主舞🦋💙🦋💚唱跳俱佳🦋💚💙🦋舞台精灵💙💚精准捕捉镜头🦋💙💚🦋入股不亏💚💙@TF家族-余宇涵yh http://t.cn/A6QPhXrA,正面
🧡🔥【最强声压主唱】【极致美颜】阳光灿烂元气满满 舞台满分 惊艳四座 腕线过裆 唱跳俱佳 欢迎来到心动狙击者的主场🧡🔥,正面
🔴【破除迷雾】🔴【逆袭剧本】@TF家族-苏新皓 脚踏小人迎曙光❤️‍🔥热血番主演📈💯努力人生步步都是上升路❣️山顶风景正好❤️‍🔥请跟小苏一起去看看吧吧❣️❣️,正面
🧡🔥【最强声压主唱】【极致美颜】踏星辰✨而去，携日月🌙而归，手握山河，笑对天下，新声可畏，朝气蓬勃，少年天性，一起随第一美颜主唱@TF家族-张极感受《长大》的魅力🧡🔥,正面
🧡🔥【最强声压主唱】【极致美颜】山河荡漾，人间理想，清澈💥高音，红酒🍷嗓音，声貌齐全，入股不亏，期待声压主唱@TF家族-张极在新歌🎶中的表现🧡🔥,正面
🔴叮咚✨~女士们先生们，我们的船即将登陆‼️请拿好手中的选票❗💫躁候【三代唯一全能ACE】@TF家族-苏新皓 歌声嘹亮❣️唯一主舞燃炸全场💋🆘,正面
#SHUN理成张#💖各位秀芬老师看过来❗️💓年度创作最佳☝️手握三代唯二原创单曲50w➕💞全能ACE@TF家族-张峻豪 等待你的探索▫️♣️欢迎入股顺国，和我们一起逆风翻盘🩷终结比赛☑️🦅,正面
⚪⚪🔴🔴🔴⚪⚪⚪🔴🔴🔴⚪⚪ ⚪🔴🔴🔴🔴🔴⚪🔴🔴🔴🔴🔴⚪ ⚪🔴🔴🔴✨全能 ACE✨🔴🔴🔴⚪  ⚪⚪🔴✨@TF家族-苏新皓✨🔴⚪⚪ ⚪⚪⚪🔴🔴🔴🔴🔴🔴🔴⚪⚪⚪ ⚪⚪⚪⚪⚪🔴🔴🔴⚪⚪⚪⚪⚪ ⚪⚪⚪⚪⚪⚪🔴⚪⚪⚪⚪⚪⚪,正面
💌♥♥🌄✨苏新皓山城曙光✨🌄♥♥💌 🚥🚨·07年超强主舞♥️舞台视线收割者♥️暖心笑容♥️反转魅力♥️ 最甜告白·🚨🚥💌♥♥✖️【🥰期待苏新皓❗️】✖️♥♥💌@TF家族-苏新皓,正面
哈喽!!欢迎来到@TF家族-左航 的魅力时刻💙你是喜欢 🦋好看的皮囊🦋 还是 🦋有趣的灵魂🦋 呢？这里有一个小朋友两者兼备哦💙台上台下反差萌 💙 多重魅力惹人疼💙 http://t.cn/A6Q7LUvc,正面
🧡🔥【最强声压主唱】【极致美颜】清澈高音带你领略专属少年的音乐🎶世界 带上耳机 🎧聆听美颜大VOCAL@TF家族-张极 带来的心灵治愈 期待红酒🍷嗓音带来的心灵慰藉✨🧡🔥,正面
🌷你在搜索三代唯一𝘼𝘾𝙀@TF家族-张峻豪 吗❓唱跳rap均衡发展全面开花💒唯一考核【三项均获No.❶选手】◾️我的意思是这团要想火🦩得看峻豪掌控全场▫️玩转舞台和喝水一样简单🩷顺帝登场值得你所有目光👀#SHUN理成张# http://t.cn/A6QPCDbu,正面
💛🌹丙🍭戌💛奇🌹迹🦁七💚月✨音💚💛🌹💚🌹清⭐风💚揽🦁月✨邓💛佳🌹鑫💛💚✨💛🌹玫💛瑰🦁主✨唱🍭小⭐王💚子💛🦁💚💚🌹可💚盐🌹可⭐甜🦁邓🍪佳⭐鑫💛🌹@TF家族-邓佳鑫 http://t.cn/A6QPRy8D,正面
📶🔴三舞一驾到 统统闪开🔴三代唯一「顶梁柱」♦️线下舞台化身饭撒小天使吸粉无数♦多个造型获得万转❤️‍🔥❤️‍🔥真·出圈实力𝗧𝗢𝗣🔥无需逞强散播挽尊话术☝️喜欢@TF家族-苏新皓 自会有微笑环绕❤️❤❤,正面
💗🤍🖤永夜过后是极光💓峻豪一定会发光💖无限可能不被定义💞@TF家族-张峻豪 闪耀未来可期 💗原创唱作双冠王💗《青春期》《sky walker》值得被收藏💖全能玩家实力超群 💓心动鼓手乐队中心💗🤍🖤#SHUN理成张#,正面
更多详见官网公告～http://t.cn/A6HFDQ0O,负面
元流之子你扔世界甚至扔破晓我大力支持，扔本体你是不是有病，你游角色是真的有自己的生活的，说好的平等爱每一个英雄，从天而降一个五职业三体人主角又算什么？下一步是不是要解锁好感系统卖ml了？,正面
这种设计挺好啊，挺新的玩法，看看体验服实际表现怎么样,正面
有没有技能看看啊！先看看新英雄的技能玩法，挺想玩的,正面
“峡谷五路任你纵横”，woc一个英雄五条路啊 http://t.cn/A6HFDD6I,正面
有没有体验服大佬啊！可以让我玩玩吗，好想玩这个新英雄[允悲],正面
会出现一局5个人都选元流之子吗[傻眼],负面
你能不能搞清楚，我们爱玩的是王者，不是元梦不是破晓更不是那个开放世界[费解],正面
那局内怎么选位置啊，ban一个英雄等于ban五个是吧[doge],正面
好活，就是ban位不够怎么办[喵喵],正面
就我想知道什么时候上线吗，已经想试试了，今天一口气全部端上来吧,正面
是不是一个皮肤可以用5条路[doge],负面
今天也太早爆料了吧，这又是什么新英雄,正面
“我”包选女主的啊，因为好看,正面
就是这个英雄可以当5个英雄用？,正面
你没病吧[微笑],正面
今早上看评论全是喷的，现在都变成夸的了[偷乐]你倒是挺能控评,正面
快上瑶典藏[二哈],正面
？？？？？？赶快上线，想玩,负面
你是真的神金啊，嫌退游的太少了是吗[微笑],正面
不会用的boss直聘的工资数据吧?,负面
怎么感觉去年看的新闻都月均过万的？,正面
客观吗？样本从几线城市选取的？或者说从哪个层次的学校毕业生选取的？,正面
哪些人偷走了我的月入过万[融化],正面
谁能告诉我这是怎么平均的[融化],正面
抱歉，研究生还没达到本科标准[苦涩],正面
平均数的参考价值不大，不如中位数。我和马云一平均，我也身价倍增。。。,正面
这个6050应该是总工资而不是到手工资，所以数据应该是真实点,负面
在非一线城市月入3000就算是大多数人水平了,正面
毕业工作两年了，一直在这个平均数[微笑],正面
还在家啃老,正面
22毕业的没认真考编，浪费了应届生身份，到现在还没找到喜欢的工作,正面
统计学魅力时刻[兔子]这种看平均数没有价值，要看中位数。毕竟我跟马云的平均资产是125.3亿美元[二哈],正面
这数据应该真实吧,正面
这种是福利待遇一起的还是纯到手的了,正面
6,负面
有6千多？,正面
[二哈][二哈][二哈]我还没有工作💼,负面
[doge]被平均的0收入二战生,正面
真陶还是玻陶,正面
真我gt6 不也是金属中框吗？,负面
还是家族设计？,正面
有2T吗，加个一两千我也买啊[泪][泪][泪][泪],正面
有狂暴引擎吗？没有就别扯了,正面
一体化陶瓷有没有可能上放给findX8系列[笑而不语],负面
能不能做到这种质感[微笑] http://t.cn/A6Q7VI6l,正面
还得是你，我就说了一加产品力遥遥领先[doge]，颤抖吧，友商。,正面
一加Ace3 Pro如此，那么一加13该提升到什么高度？,负面
大师那家的？,正面
中端机大战，你选高通还是骁龙？红米vs IQOO能否胜利？尽情期待~ http://t.cn/A6Q7fqC1,正面
去年在卷的质感今年还在卷呢？ http://t.cn/A6Q7VrZV,正面
[doge]镭雕飞线？甩个图？我想看看怎么个飞法,正面
厉害，定个3299不卖爆了,负面
那价格不得起飞[泪][泪],正面
懂了，比肩华为大屎版,负面
有没有长焦微距,负面
上放可以吗？[收到],负面
有个问题，为啥御三家电池卷不上去，国内其他厂商一个比一个厉害[抱抱][允悲],负面
买回来一般 都是戴套用,正面
第一场上海摆烂vs滔博状元 第二场南京缅北vsag二队 第三场杭州k甲射辅vs西安drg上野,正面
鸡毛是唯一一个拥有主场缺到处去别人主场打比赛的战队，CTBZ,正面
#2024KPL夏季赛#,负面
怎么这么像一群机器人[傻眼],负面
打满,负面
#2024KPL夏季赛长沙加油,正面
黎明加油,正面
滔博今天拿下[赢牛奶][赢牛奶][赢牛奶],正面
#2024KPL夏季赛#,负面
#2024KPL夏季赛#感动,正面
#2024KPL夏季赛#初晨回来啦,负面
#2024KPL夏季赛#,负面
#2024KPL夏季赛#,负面
#2024KPL夏季赛#,负面
#2024KPL夏季赛#,负面
#2024KPL夏季赛#,负面
#2024KPL夏季赛#,负面
#2024KPL夏季赛#,负面
不是没有无畏，这也能骂,正面
指尖bp能指望他干嘛,负面
谁要给我转400万,正面
看腹肌[舔屏],正面
给我一张见你的门票,正面
直播直播直播[哇],负面
潘潘跳女团舞！！(超大声),负面
那我就大胆说了[doge]@潘宥诚 来个小型见面会！得不得！ http://t.cn/A6Q7TCBe,正面
把你耳朵上的花花送给我[嘻嘻]🌹@潘宥诚,正面
潘潘签名拍立得or文纪签名剧照怎么样[哇][哇][哇],正面
让我亲一口[哇][哇][哇],负面
把济南气温打下来,正面
直播挨军棍[太开心][太开心][太开心],负面
文纪也戴上花啦🤭 支持多上点才艺🕺🏻#墨雨云间# ,正面
求签名拍立得,负面
#潘宥诚[超话]# 尽管说尽管提[打call][打call]#潘宥诚墨雨云间# ,负面
福利就是满足评论区里所有人的愿望，这样我们都开心了[春游家族][春游家族][春游家族]快夸我！,正面
夸一下我的画[送花花][送花花] http://t.cn/A6Q7HtgP,正面
能不能让我和你一起去旅游[剑网3][剑网3],负面
要亲亲！,中性
见面门票可以嘛[泪][泪][泪],正面
不许杀青。。。[悲傷],正面
陈丽君李云霄[爱慕] http://t.cn/A6Q7HIFQ,正面
贾廷金镶玉[爱慕] http://t.cn/A6Q7HViY,正面
期待君霄[鲜花][鲜花][鲜花] http://t.cn/A6Q7Hbpn,正面
期待陈丽君李云霄[心][鲜花]金镶玉和贾廷 http://t.cn/A6Q7HGwA,正面
君霄新龙门yyds http://t.cn/A6Q7HxfC,正面
期待陈丽君&李云霄的小贾碧玉！搞快点！！[送花花][送花花][送花花] http://t.cn/A6Q7HV9X,正面
期待君君云霄[赢牛奶][赢牛奶] http://t.cn/A6Q7TR2K,正面
期待君霄[赢牛奶][赢牛奶][赢牛奶] http://t.cn/A6Q7HCK8,正面
期待陈丽君李云霄，期待小贾碧玉[打call],正面
期待陈丽君李云霄越剧新龙门客栈电影[打call][打call][打call],正面
期待陈丽君李云霄越剧新龙门客栈电影[耶][耶][耶] http://t.cn/A6Q7jKb2,正面
小贾碧玉，期待新龙门越剧电影，陈丽君李云霄君霄组合[哇] http://t.cn/A6Q7HiUD,正面
期待陈丽君李云霄[哇] http://t.cn/A6Q7QTf5,正面
啊啊啊啊啊期待陈丽君李云霄合作的首部越剧电影[抱一抱][抱一抱][抱一抱],正面
期待君霄[打call][打call][打call],正面
期待陈丽君李云霄的电影[鼓掌] http://t.cn/A6Q7HCBP,正面
期待新龙门客栈电影，期待君霄[送花花],正面
期待君霄上大银幕 http://t.cn/A6Q7Huej,正面
期待君霄[锦鲤附体] http://t.cn/A6Q7QzMg,正面
真的很期待电影，毕竟剧场的票买不到[打call][打call][打call]电影票弥补一下也好 http://t.cn/A6Q7H18u,正面
期待[哇],正面
6月17日不见不散[抱一抱]一起参加开心派对[抱一抱][抱一抱][抱一抱],正面
期待[哇][哇]@摩登兄弟刘宇宁,正面
期待[哇][哇],正面
期待刘宇宁啊啊啊啊啊啊[给你小心心],正面
期待,正面
一起期待吧[打call],正面
我准备好了[打call],正面
期待刘宇宁[哇][哇][哇],正面
期待期待[打call][打call][打call],正面
期待刘宇宁[打call][打call][打call],正面
期待[打call],正面
[比耶][比耶],负面
不见不散,中性
期待[抱抱][抱抱],正面
期待刘宇宁[打call],正面
舞台粉狂喜[好喜欢][好喜欢][好喜欢],正面
期待刘宇宁[送花花][送花花][送花花],正面
老大[送花花],负面
期待刘宇宁舞台 不见不散,正面
天选苏暮雨一番大男主龚俊开机大吉[awsl] http://t.cn/A6Q7tCjC,正面
龚俊天选苏暮雨，祝暗河传开机大吉顺顺利利！ ​​​[心],正面
一番大男主的排面好牛[送花花]《暗河传》开机大吉，龚俊天选苏暮雨[爱慕] http://t.cn/A6Q7tCtI,正面
龚俊苏慕雨开机大吉[心][心][心][心][心],正面
龚俊苏暮雨开机大吉！！,正面
龚俊值得，苏暮雨值得，一起期待《暗河传》苏暮雨[彩虹屁] http://t.cn/A6Q7tNjM,正面
暗河之光天选苏暮雨龚俊一番大男主开机大吉！！,正面
龚俊苏暮雨开机大吉[鼓掌],正面
龚俊开机大吉[心][心][心]@龚俊Simon,正面
超级超级超级期待龚俊苏暮雨,正面
☂️🗡听见了吗全场高喊龚俊的欢呼声 看到了吗遍地苏暮雨的应援 这就是我们一番武侠大男主暗河传的苏暮雨，龚俊天选苏暮雨☂️🗡 http://t.cn/A6Q7t8zk,正面
期待龚俊苏暮雨，龚俊大男主,正面
期待龚俊一番大男主苏暮雨[东方月初][东方月初][东方月初][东方月初] http://t.cn/A6Q7tR19,正面
龚俊天选苏暮雨开机大吉[求关注],正面
[送花花][送花花][送花花]龚俊大男主[加油][加油][加油] http://t.cn/A6Q7cvW2,正面
期待龚俊苏暮雨，龚俊大男主,正面
龚俊大男主[比耶]天选苏暮雨[比耶] http://t.cn/A6Q7t0Lp,正面
龚俊大男主,正面
好期待啊啊啊[东方月初][东方月初]龚俊东方月初《狐妖小红娘月红篇》爱奇艺正在热播中@龚俊Simon,正面
晚上还有500架无人机表演[东方月初],正面
成都见宝贝[送花花][送花花][送花花],正面
期待[开学季],正面
成都见宝贝[给你小心心][给你小心心],负面
啊啊啊玩的开心[心][心][心],正面
宝贝后天见[赢牛奶][赢牛奶][赢牛奶],正面
周深[送花花][送花花][送花花],正面
啊啊啊啊，今天晚上，保佑我啊啊啊啊[举车][举车][举车]最后的机会了[举车][举车][举车],正面
啊啊啊啊啊啊啊,正面
好耶[打call],负面
啊啊啊,正面
成都见！！！！！😭😭,负面
谢谢柿子！！成都见！！！！！！！,负面
啊啊啊啊成都见[求关注],正面
呜呜呜老家但去不了，大家玩得开心,正面
期待见面[心],正面
成都见[抱一抱],正面
等不及了[抓狂][抓狂][抓狂],负面
啊啊啊啊啊啊啊宝宝后天见[苦涩][苦涩][苦涩],正面
好[心][心],正面
顺利[举车][举车][举车],正面
众所周知，肖战工作室是真的会告，准备好哈！,正面
http://t.cn/A6ONnkH8  准备好💰,正面
众所周知肖战工作室告黑是真告哦，不知道你的共享💰够不够赔呢,正面
http://t.cn/A6ONnkH8  准备好💰[开学季][开学季],正面
众所周知，肖战工作室是真的告，记得准备好20W,正面
@大姑娘12138 把邓为#邓为# 的词条编辑上去，上一个热门,正面
众所周知，肖战工作室是真的会告黑的[送花花][送花花],正面
好好好， http://t.cn/A6ONnkH8  准备好💰，我们工作室告黑那可是真告[太开心],正面
哇偶,正面
[good][good][good],中性
支持告黑,负面
网络不是法外之地,负面
集美 老室是会真的告的[允悲]✌️你以为无人在意没人管你但其实法院传票就这样水灵灵地到你手上了呀[傻眼][傻眼][傻眼],正面
@俊朗DW-0226网暴犯准备好钱哦，做坏事要付出代价,正面
@俊朗DW-0226 网暴犯喜欢吗？等着开盲盒咯[看书],正面
众所周知肖战工作室告黑是真告哦，不知道你的共享💰够不够赔呢,正面
快点告黑@肖战工作室,正面
开盲盒马上轮到你咯,负面
@肖战工作室 出来干活了！！！,负面
使劲告,负面
我们7.26不见不散！期待夏禾！ http://t.cn/A6Q7PT1Y,正面
期待姐的新角色夏禾[抱一抱] http://t.cn/A6Q7LuVy,正面
好美[鲜花]娜然夏禾 http://t.cn/A6Q7Puk8,正面
异人之下终于定档了，好期待看到电影中的精彩剧情！[打call][打call] http://t.cn/A6Q7y55x,正面
期待夏禾! 7.26我们电影院见啦 http://t.cn/A6Q7yyKi,正面
期待[打call]娜娜太适合夏禾了，冷艳大美女[爱慕] http://t.cn/A6Q7yt1x,正面
[色][色][色]7月相约电影院[比耶][比耶][比耶],负面
期待夏禾[你好]期待娜然宝宝精彩演绎,正面
期待夏禾 http://t.cn/A6Q7P1MC,正面
[你好][你好][你好] 今年夏天一起去影院看夏禾[心][心][心][舔屏],正面
726，影院不见不散@娜然Naran http://t.cn/A6Q7PTEK,正面
不见不散#娜然电影异人之下夏禾# http://t.cn/A6Q7PQII,正面
7.26老婆电影院见[开学季][开学季][开学季][开学季],正面
期待乌尔善导演新作！期待娜然的夏禾！[打call][打call][打call][打call][打call][打call],正面
太美,正面
7月26日期待电影《异人之下》。 http://t.cn/A6Q7AROm,正面
7.26一起相约电影院~#娜然电影异人之下夏禾# @娜然Naran http://t.cn/A6Q77pxu,正面
期待[爱慕][爱慕][爱慕],正面
期待夏禾[憧憬]影院见[憧憬],正面
已经迫不及待想看我们娜然姐新电影啦[鲜花],正面
过节了发点福利吧 “本喵帅吧？” http://t.cn/A6HFK1ix,正面
每年都能吃到迪迪妈的外婆包的咸蛋黄肉粽！真的是绝世美味[馋嘴][馋嘴][馋嘴],正面
你们吃的啥馅的粽子呢？,负面
上条微博说心情很好的原因找到了 是不是迪迪妈带着粽子去找你啦哈哈哈哈哈哈哈,正面
端午安康啊！今天吃了蛋黄肉粽和豆沙粽。像你一样甜美！,正面
给你看学校发的粽子[喵喵] http://t.cn/A6Hkkk0F,正面
端午安康呀,正面
老公吃的什么馅的粽子呀,负面
你吃的咸口还是甜口呀？[哇],负面
宝子端午安康哇，是甜粽党还是咸粽党捏[哈哈],正面
端午安康[兔子]！,正面
迪迪妈带着迪迪妈妈的外婆包的粽子去找你啦？？？！！！,正面
哇啥馅儿的粽子[送花花],正面
端午安康！,正面
甜粽还是咸粽呀宝宝,负面
端午安康,正面
端午安康[甜粽党][我最粽意你][咸粽党],正面
没吃到粽子的我[苦涩][苦涩][苦涩][苦涩][苦涩],正面
宝贝端午安康！粽子什么馅的😋,正面
端午安康[亲亲]宝宝我也在吃粽子[嘻嘻] http://t.cn/A6HkFvBI,正面
第一个画面直接硬控各位,负面
啊啊啊啊啊我已经失语了[舔屏],正面
铁子 下次咱换个bgm中不中[开学季],正面
好米[哇][哇][哇]铁子姐V5,正面
不是，巴铁你！#龚俊 暗河传# 别太美了啊,正面
好看得要哭了[泪][泪][泪],正面
还得是我们铁子[舔屏],正面
铁子神频[抓狂]太美了太美了[抓狂]光影在脸上变换的时候我呼吸已经停滞了😭😭😭,正面
啊啊啊啊啊啊，龚俊苏暮雨，他好帅！！！[给你小心心],正面
[求关注][求关注][求关注]世间无双美男子,正面
天啊[苦涩][苦涩][苦涩][苦涩][苦涩][苦涩][苦涩][苦涩],正面
美不胜收[苦涩][苦涩][苦涩],正面
小腰配大伞，宽肩配束带，美手配缰绳[收到],负面
这真的不是纸片人来到三次元了吗？！[awsl][awsl][awsl],负面
暗河第一美男，天选苏暮雨[鼓掌],正面
不敢高声语，恐惊画中仙～[色][色],负面
啊啊啊啊太幸福了今天！！！,正面
帅到了我心巴上,正面
天啊，真的是没才华影响了我，不知道咋夸龚俊，只会太帅了[舔屏][舔屏][舔屏][舔屏][舔屏][舔屏],正面
#龚俊苏暮雨# 龚俊#龚俊 暗河传# 从此武侠男神有了具象[舔屏][舔屏][舔屏],正面
[送花花][送花花][送花花]好的 期待舞台哦,正面
好！！！！等你的舞台宝宝,正面
芜湖 又有新舞台咯 不见不散[给你小心心] http://t.cn/A6Q7O4vQ,正面
期待！,正面
好好好,正面
啊啊啊啊啊啊啊姐姐！17号见！,正面
舞台见！ http://t.cn/A6Q7OURH,负面
到时候见！！[羞嗒嗒],负面
退一万步说高跟鞋真的不可以不小心踩我身上吗[老师好][老师好],正面
舞台见姐姐@刘忻,正面
期待[哇]姐姐[哇][哇][哇],正面
好好好 6.17日见[你好] http://t.cn/A6Q7O504,正面
姐姐,正面
期待你！有你的地方我只能看得到你！！ http://t.cn/A6Q7O5W7,负面
期待最棒的你[给你小心心][给你小心心][给你小心心] http://t.cn/A6Q7O5tJ,正面
老婆 http://t.cn/A6Q7OGNh,正面
姐 喝了没？[喵喵][喵喵][喵喵][喵喵] http://t.cn/A6Q7Ot1J,负面
好的宝宝 http://t.cn/A6Q7Oqe7,正面
舞台见宝贝[羞嗒嗒] http://t.cn/A6Q7ObSP,负面
[心][心][心],正面
若浮梦一场，雾里看花水中看月，又道命运如何？期待@张凌赫z  让我们一起见证裴文宣执笔重绘人生。 http://t.cn/A6Q7vGoZ,正面
兰章落月，明珠不夜。笔砚谋太平，喉舌破金戈。粲然回首笑前尘，辞旧渡春风，期待与裴文宣早日相见，共度锦绣华年。 http://t.cn/A6Q7vGnz,正面
若浮梦一场，雾里看花水中看月，又道命运如何？期待@张凌赫z  让我们一起见证裴文宣执笔重绘人生。 http://t.cn/A6Q7vGHI,正面
纵人生两度，看松风韶华，约岁岁年年，愿与裴文宣共度华年，一起期待@张凌赫z 精彩演绎 君子贤臣，共谋山海。 http://t.cn/A6Q7vGRD,正面
一梦重生盼新机初现，满腹经纶显风华绝代，历经磨难待山河日新，锦绣华年愿执手共期。期待@张凌赫z 饰演的最帅宰相裴文宣。 http://t.cn/A6Q7vGNi,正面
翩翩浊世佳公子，两度沉浮，终得如梦年华，愿与裴文宣@张凌赫z 共植满庭梧桐，待壮志已酬，佳人缓归！,正面
温和俊雅、映水月清辉；持身中正、为寒门立命；有令君风度、才子文章。期待@张凌赫z 裴文宣的更多故事。 http://t.cn/A6Q7vGeN,正面
纵人生两度，看松风韶华，约岁岁年年，愿与裴文宣共度华年，一起期待@张凌赫z 精彩演绎 君子贤臣，共谋山海。 http://t.cn/A6Q7vGYt,正面
什么？九亿大夏少女梦竟是御史台大杀器！欢迎收看铁齿铜牙裴文宣的两世权谋大业，创山河，拓基业，海晏河清，时和岁丰。 http://t.cn/A6Q7vGg7,正面
翩翩浊世佳公子，两度沉浮，终得如梦年华，愿与裴文宣@张凌赫z 共植满庭梧桐，待壮志已酬，佳人缓归！ http://t.cn/A6Q7vGDS,正面
纵人生两度，看松风韶华，约岁岁年年，愿与裴文宣共度华年，一起期待@张凌赫z 精彩演绎 君子贤臣，共谋山海，望早日与裴文宣见面。[哇] http://t.cn/A6Q7vGYi,正面
纵人生两度，看松风韶华，约岁岁年年，愿与裴文宣共度华年，一起期待@张凌赫z 精彩演绎 君子贤臣，共谋山海。 http://t.cn/A6Q7vG02,正面
期待@张凌赫z 裴文宣 http://t.cn/A6Q7vGja,负面
纵人生两度，看松风韶华，约岁岁年年，愿与裴文宣共度华年，一起期待@张凌赫z 精彩演绎 君子贤臣，共谋山海，望早日与裴文宣见面。,正面
纵人生两度，看松风韶华，约岁岁年年，愿与裴文宣共度华年，一起期待@张凌赫z 精彩演绎 君子贤臣，共谋山海，望早日与裴文宣见面。 http://t.cn/A6Q7vGa9,正面
温和俊雅、映水月清辉；持身中正、为寒门立命；有令君风度、才子文章。期待@张凌赫z 裴文宣的更多故事。 http://t.cn/A6Q7vGOc,正面
纵人生两度，看松风韶华，约岁岁年年，愿与裴文宣共度华年，一起期待@张凌赫z 精彩演绎 君子贤臣，共谋山海，望早日与裴文宣见面。 http://t.cn/A6Q7vqAR,正面
翩翩浊世佳公子，两度沉浮，终得如梦年华，愿与裴文宣@张凌赫z 共植满庭梧桐，待壮志已酬，佳人缓归！ http://t.cn/A6Q7vq2T,正面
翩翩浊世佳公子，两度沉浮，终得如梦年华，愿与裴文宣@张凌赫z 共植满庭梧桐，待壮志已酬，佳人缓归！ http://t.cn/A6Q7vGjd,正面
兰章落月，明珠不夜。笔砚谋太平，喉舌破金戈。粲然回首笑前尘，辞旧渡春风，期待与裴文宣早日相见，共度锦绣华年。 http://t.cn/A6Q7vG9E,正面
多管管热搜下的黑子 多次被买热搜 你们做点实际行动 多多告黑 杨颖工作室你们还是不够努力 多多努力！！ http://t.cn/A6QhbOm3,负面
1️⃣：争取腾讯大会能让相思令动起来 一部剧能影响路人缘和口碑 多多重视 2️⃣：多多营业固粉 3️⃣：剪辑视频或者配BGM让00后上位！！好好看看粉丝诉求吧,正面
多来几个活动[苦涩][苦涩],正面
相思令腾讯大会可以动一动，下一场活动也可以来了[哇][哇],正面
继续保持啦小室[老师爱你],正面
哇[哇][哇][哇]好喜欢[哇][哇][哇],正面
下一个活动我在等待@杨颖工作室,正面
让AB发发博啊,正面
抖也跟上吧,负面
你肯定还有吧[喵喵]别藏着 全发出来,负面
图片评论 http://t.cn/A6QhGI0C,负面
期待下一次活动梦个漂亮裙裙[送花花],正面
让姐更个抖🎵吧 http://t.cn/A6QhGTUl,负面
好短啊[抓狂]以及为什么又是竖屏啊！,负面
多多告黑啊[嘻嘻][嘻嘻],正面
多来点线下，想见面[苦涩][苦涩][苦涩],正面
以后活动都这样好吗[吹风车],正面
你今天真棒,中性
这个唇妆好棒[色][色][色][色],负面
好美的老婆[爱慕]平时也要多营业！叫姐姐发点自拍[抱一抱],正面
硕珍辛苦啦 往后这样高兴的事情还有六次 阿米就偷偷的幸福咯,正面
硕珍退伍 我王吹响了胜利的号角[偷乐],负面
欢迎回家阿珍 http://t.cn/A6QvmI22,正面
啊啊啊啊啊阿珍回来啦[抱一抱] http://t.cn/A6QvmI3d,正面
欢迎回家[泪][泪] http://t.cn/A6Qvm6MO,正面
欢迎回家 http://t.cn/A6Qvmi6s,正面
欢迎珍珍回家💜💜💜💜 http://t.cn/A6QvmxHQ,正面
欢迎阿珍回家 http://t.cn/A6Qvmitm,正面
哥几个真帅[色][色][色],负面
欢迎回家[抱一抱],正面
恭喜金硕珍退伍[打call][打call][打call][打call],正面
欢迎回家[泪][泪] http://t.cn/A6QvmXQw,正面
合体聚会[阴险]明天还有活动[求关注]太棒了，硕珍辛苦了！,正面
金硕珍退伍快乐！[打call][打call][打call],正面
金硕珍老子想你[泪],正面
兵王回归 http://t.cn/A6QvmXmT,正面
珍珍欢迎回家！！,负面
欢迎回家[哈哈][哈哈] http://t.cn/A6QvmXql,正面
欢迎金硕珍回阿米国[爱慕]另外老师我们闵玧其的名字没打对，能不能改改,负面
恭迎金硕珍回家📣📣📣📣🧨🧨🧨🧨恭迎金硕珍回家📣📣📣📣🧨🧨🧨🧨恭迎金硕珍回家📣📣📣📣🧨🧨🧨🧨恭迎金硕珍回家📣📣📣📣🧨🧨🧨🧨恭迎金硕珍回家📣📣📣📣🧨🧨🧨🧨恭迎金硕珍回家📣📣📣📣🧨🧨🧨🧨,正面
终于等到了[打call][打call],正面
你不许骗我！！,负面
啊啊啊啊啊啊啊啊啊啊终于等到这天[泪][泪][泪][泪][泪][泪],正面
650牛逼啊啊啊啊爱你们[开学季],正面
期待住了！,正面
我们650真做大做强了[泪][泪]太有出息了650[送花花][送花花][送花花][送花花],正面
#650电台[超话]# 呼唤了两年的团综终于‼️,负面
呜呜呜呜期待！快抬上来！,负面
好好好！！[打call],正面
[彩虹屁][彩虹屁][彩虹屁][彩虹屁][彩虹屁][彩虹屁][可怜][可怜][可怜][可怜],正面
他来了他来了[哇]他带着650来了[哇][哇][哇],负面
桃花坞650做大做强!,正面
这样的团建多来几次[送花花][送花花][送花花],正面
期待期待,正面
期待650！做大做强！[打call],正面
金甲！！！[爱慕],正面
哈哈哈哈哈，团综真的来了！ 650出息了！！,负面
650forver,中性
650再创辉煌[打call],正面
太期待啦[送花花],正面
来啦来啦 我们喻言的微综上线啦 开心时的电子榨菜 不开心的治愈良药 宝宝你好牛呀 全能宝宝😍 看完综艺还有miniylog！！！连续六周我好快乐！！！谢谢宝宝😘超爱你[抱一抱],正面
老公！！！微综终于来咯！！准备好看老公下地挖菜抓鸡快乐一周生活啦[全力以赴][全力以赴]开播顺利！,正面
到底是谁发明的喻言🧐这么好玩～🤪酸梅精咬🧂事件！！！,负面
哇塞，期待已久的微综来喽，我飞速前来，谢谢老公精心的准备，老公辛苦啦💚💛，真的真的很爱你，对了，最近有没有好好吃饭，好好休息，腰好点了吗，记得天天开心，多笑笑，我们会一直支持你！最后一句呐喊一声！言丝有自己的疯狂星期四😁,正面
就是今天！我宝宝微综上线啦，每周四一期，连更六周，不仅有正片还有vlog，我要大声说喜欢喻言就是世界上最幸福的事情[打call]谢谢我的宝宝，谢谢你一直以来不断给我们创造一个又一个的惊喜，你最珍贵，永远爱你[亲亲],正面
耶好幸福！！微综来啦！！我看看看🦁🥰,正面
爱是一场双向奔赴的惊喜[抱一抱]谢谢你喻言 你是我遇到过最真诚的人了 做你的歌迷朋友非常非常非常幸福☺️#喻言微综出逃一周又如何#,正面
我们海潮3周年的日子迎来了第一个微综[举车][举车]，以后还要长长久久陪着你[抱一抱],正面
报告老公！我准时来报道啦 [举手]想到以后每周四都有新一期看就好开心好幸福🥰,正面
宝宝宝宝宝宝！我来啦！谢谢宝宝又带给我们惊喜🎁啦！我会好好看的！宝宝真的太了不起啦！最爱你啦！！！,正面
有朋友说想看综艺里的你 今年你就送了我们你自制的微综 谢谢宝宝一直在尽量满足朋友们的每一个要求，真诚认真的对待每一份爱[抱一抱]那么拿得出手的爱足以让我向全世界炫耀！喜欢你真的好幸福好快乐，接下来的每一周都由你给的幸福和快乐续上 每一期都会被我盘包浆[奋笔疾书],正面
来看“游戏王”喻言啦[哇],正面
来咯！来看老公的个人微综啦[彩虹屁],正面
宝贝我来了🍿🧋,正面
我苦苦等了七年终于等到你了[哇]微综我来啦！！感谢宝贝给我们带来的微综[努力]超级超级无敌喜欢[亲亲][亲亲][亲亲]宝贝好好休息好好吃饭[抱一抱],正面
终于等到！！！啊啊啊啊啊啊啊啊啊啊啊啊老公！！！我好喜欢！！！根本不够看！！！,正面
大小姐驾到 通通闪开📣📣📣大小姐驾到 通通闪开📣📣📣大小姐驾到 通通闪开📣📣📣大小姐驾到 通通闪开📣📣📣大小姐驾到 通通闪开📣📣📣大小姐驾到 通通闪开📣📣📣大小姐驾到 通通闪开📣📣📣大小姐驾到 通通闪开📣📣📣大小姐驾到 通通闪开📣📣📣 http://t.cn/A6Q7RcYC,负面
谢谢老公！我会好好看的！[馋嘴] http://t.cn/A6Q7RcTj,正面
什么？你怎么知道我的亲亲老公自费给我拍综艺了？,负面
📣：大小姐驾到～通通闪开！！👮🏻🚓👮🚓👮🏼🚓👮🏽🚓👮🏾🚓👮🏿🚓～‼ 📣：本次草草巴士的终点站为：y世界～😚想要观看👀大小姐在线出逃的小草们请一人一🎫，排队上车🚌🚌🚌…✖️526,负面
凤梨酥可可爱爱！[比耶] http://t.cn/A6HsAgI7,正面
说的是很正确的呀 真诚是我们的必杀技呀,正面
栗子的端午节过得也太舒适了吧,正面
"自己有自己的生活,有自己的不同领域",正面
我昨天喝了瑞幸的轻咖柠檬水 http://t.cn/A6HsJXeU,正面
沙汤是哪一家的啊，看着好吃,正面
我最近也爱上了[苦涩] 好喝爽口解腻关键还不胖 http://t.cn/A6Hstq8z,正面
朋友圈卖88一束[苦涩],正面
喜欢你那句混的好…混的差…。  不必活在别人的话语中。活着是为自己无关他人。再就是不要妄自菲薄也别瞧不起别人,负面
生活我们还是需要好好的来面对的,正面
这才是生活的本质吧,正面
看起来真的太好吃了我的口水都流出来了,正面
"这些都是美食啊,我看着还是觉得很美味",正面
这样子的生活看起来太棒了吧,正面
这看起来就是非常的好吃啊,正面
这个拌粉看起来真的非常的好吃呢,正面
美食真的能够治愈生活中所有的不快乐，这些看着就很好吃。,正面
看起来真的太好吃了我真的太饿了,负面
[憧憬][憧憬][太开心][太开心][馋嘴]好多好吃的啊,负面
哇塞凤梨酥好可爱啊[太开心][太开心][憧憬][憧憬],正面
在大街上走路时候，突然痒，我就不信有人能找到掏耳勺,负面
用痒痒挠[二哈][二哈],负面
有人在背后议论[允悲],正面
涂药膏,负面
鹅毛棒 超级舒服[打call],正面
哪里发痒挠哪里,负面
耳朵痒，暗含玄机，快快留心，或许非小事。,正面
你好帅呀[偷笑]@敖子逸 http://t.cn/A6Q7UAGV,正面
宝宝宝宝宝宝！你超可爱[色]我亲亲@敖子逸 http://t.cn/A6Q7U7jf,正面
帅的嘞小伙！！！♑️ http://t.cn/A6Q7UZeO,正面
好的宝宝学会了[憧憬],正面
哈哈哈好敖子逸玩的开心,正面
你小子今天挺忙啊[酷] http://t.cn/A6HFpkHd,正面
这个姿势拍照打卡必用啊！ http://t.cn/A6HFpkHd,负面
帅哥♑ http://t.cn/A6Q7USZZ,正面
帅得勒～多拍多拍 http://t.cn/A6QvQ4uL,正面
打卡了那照片呢[右哼哼][右哼哼][右哼哼],负面
那张婀娜多姿的照片一时半会儿找不出来了，随便带一张帅照[doge] http://t.cn/A6Q7U6jV,负面
多拍，爱看♑ http://t.cn/A6Q74GMq,正面
宝宝什么时候把照片放出来捏[阴险]@敖子逸 http://t.cn/A6Qh4nFY,正面
老公你好帅[亲亲],正面
今天两条微博诶[给你小心心],负面
这么会摆动作能不能教教我[来] http://t.cn/A6Q7UIKv,负面
很好[doge] http://t.cn/A6Q74AFn,正面
我要把敖子逸迷晕[坏笑]@敖子逸 http://t.cn/A6Q7Uc61,正面
重庆彭于晏今天也过于帅气了[老师爱你][老师爱你]@敖子逸,正面
来啦来啦[心][哇],正面
好耶！！！期待你[给你小心心][给你小心心][给你小心心],负面
你也快乐[给你小心心][给你小心心],正面
期待[哇],正面
好耶宝宝期待你！,正面
每天都想见你[锦鲤附体],正面
[开学季]6.16一起快乐啊[开学季]@张远Bird,正面
宝宝好看 期待,正面
好的宝贝[给你小心心],正面
宝宝！！！,负面
好诶！！！传下去616我要和张远一起快乐了[doge],正面
期待你宝宝[抱一抱],正面
好呀好呀 一起快乐 储存快乐,正面
崽崽好棒[送花花]@张远Bird,正面
好耶[送花花],正面
宝宝永远快乐！！,正面
哇宝贝[彩虹屁],正面
宝宝[送花花][送花花][送花花],正面
宝宝宝宝宝宝[打call][打call][打call],正面
期待你[亲亲][亲亲][亲亲],正面
同乐同乐[抱抱],正面
我的天啊，连个眼神都不给[允悲],正面
在干嘛！有没有秩序！[怒骂][怒骂][怒骂][怒骂],负面
哈哈哈哈哈哈哈哈哈爬子真惨#肖战恨粉# 🦖#肖战# ,正面
还有没有秩序？！！#肖战粉丝赎罪式追星# ,正面
肖战对粉丝最大的声音是“听不懂话吗你们，在干嘛，往前走，有没有秩序！” 邓为对粉丝最大的声音是“钻石们，我爱你们”[悲伤] 赞赞和薇薇都是真心话[心] 肖战恨粉 出了名的[老师爱你],正面
这个视频看起来好普啊，都看不出来是谁呢[可怜]还这么冷漠[可怜]身材也普[可怜]穿着也普[可怜]为子那身高腿长独特的气质，帽子口罩包裹的严严实实的💎也能远远的一眼认出来,正面
#肖战# ｜#肖战恨粉# 🦐爬子就喜欢冷脸洗内裤，别管,负面
冷漠就是冷漠。。别自欺欺人了,负面
差距啊[偷笑] http://t.cn/A6Q7cw6q,负面
好绝情啊,正面
好冷漠啊,正面
他是真的不喜欢吧，但又不得不出来表演,正面
#肖战# 什么人呐，想喷爬儿一身吗[怒],负面
他好恨啊,正面
#肖战耍大牌# ,正面
好可怜的粉丝,正面
"你们懂什么啊 我土豆哥哥身体里住了一个bking 不能轻易说话的#我是肖战,我喜欢小飞侠# 对吧",正面
[允悲]冷脸洗内裤,负面
为什么不打招呼？是不爱吗🥔？说话！,正面
肖战你对得起小飞侠吗[悲伤],正面
防弹少年团团粉再拉一次偏架试试看呢 金硕珍反嘿站不道歉就别想停[傻眼],负面
plq有必要造谣吗[拜拜]人家被xsr了还说人家享受[拜拜]你们太可怕了…做人还是有点底线吧[拜拜],正面
感觉艺人很开心啊[赞],正面
架不住有不理智的人，但是大家整体都是很听话的，金硕珍辛苦了,正面
金硕珍反黑站内涵金泰亨怎么没人管一下现在倒是叫上dw了 团粉这么排6？[赞],负面
dw天天闻着味准备来开饭了[允悲],正面
感觉他很享受呢，私下也是会🈷️炮的那种吧[开学季] http://t.cn/A6Q7ljZ6,负面
金硕珍认真对待，但是不理智的粉丝肯定有啊[允悲],正面
不是……评论区在干嘛啊真服了[费解],负面
金硕珍很喜欢 http://t.cn/A6Q7lnwc,正面
反正金硕珍很爱粉丝特地为粉丝举办拥抱会，不理智的人肯定会有，明明金硕珍才是受害者吧，但是就算被sr也会想着粉丝好，很善良的宝宝[求关注],正面
只是合理要求金硕珍反黑站给金泰亨道歉罢了 http://t.cn/A6Q7jZlh,负面
现场大部分粉丝都是很有分寸的，但也很难避免有极个别不理智的，硕珍对待大家很礼貌很尊重，辛苦啦,正面
你看他笑得多开心[二哈] http://t.cn/A6Q7lm30,正面
拥抱会难免有这个风险但是还是要保持距离的希望不要再这样了但是部分阿米都是很好很遵守活动本义的[打call],正面
团粉又来拉偏架了团粉又来拉偏架了团粉又来拉偏架了团粉又来拉偏架了团粉又来拉偏架了团粉又来拉偏架了团粉又来拉偏架了团粉又来拉偏架了团粉又来拉偏架了团粉又来拉偏架了团粉又来拉偏架了团粉又来拉偏架了团粉又来拉偏架了团粉又来拉偏架了团粉又来拉偏架了团粉又来拉偏架了 http://t.cn/A6Q7jnyh,负面
一些毒唯别太离谱[微笑],负面
金硕珍反嘿站什么时候道歉[汗],负面
感觉艺人自己很开心很满足啊,正面
先别审判厚朴，泰亨先被肠婆造谣和金硕珍反黑站nh的时候你们怎么不为他说话,负面
🌈不想输所以一定要用尽全力奔跑，在想要成为自己仰望之人的路上，偶尔也会感受到自身渺小，偶尔也会觉得压力大到喘不过气，庆幸的是偶尔也会试着跟自己和解，当感到焦虑时为自己调解情绪❤️,正面
向善是一种文明，也是一种光明。善良之举，需要人人拥有。善良之歌，需要人人唱和。让我们一起轻掬季风，淡挽流云，抚一弦清音，让幸福在平凡，平淡中盛开如兰，让善良之歌在红尘的原野里辗转悠长。 ​,正面
🌈把收到的每一份温柔和爱意悉数珍藏，有时生活无情，随手熄灭我的几盏灯，在阴暗的角落里，这些就是在我心海上升起的太阳💎,正面
#邓为# 绝美,正面
人生苦短，何不淡然。看透的人，处处是生机；看不透的人，处处是困境。拿得起的人，处处是担当；拿不起的人，处处是疏忽。放得下的人，处处是大道；放不下的人，处处是迷途。做什么样的人，决定权在自我；有什么样的生活，决定权也在自我。,正面
世界上总有一些风景，是能治愈人心的。一望无际的蓝天，波光粼粼的大海，郁郁葱葱的森林，都是大自然的恩赐。让我们在疲惫的生活中找到一丝宁静，让我们的心灵得到治愈和放松。,正面
🌈你应该不断接纳自己，不断去发现挖掘自己的闪光点，并努力活出自己，你的目标不应该是变成某个人，而应该是变成更好的自己💎,正面
生活就是坚持简单的善良，就如人生不能没有道义，不要把生活复杂化，那些所谓的世故圆滑，不过是自私的一种借口罢了。,正面
不管你现在多迷茫，过得多累，走得多艰辛，请相信，生命中总有一段路是要你自己走完的，总有一段时间是“寒冷”的，不要放弃希望，不要放弃自己，再怎么冰冷也有阳光，再怎么艰辛都得努力。生命中，总得有一段回忆起来足够感动自己的时光。,正面
我一辈子走过许多地方的路，行过许多地方的桥，看过许多形状的云，喝过许多种类的酒，却只爱过一个正当最好年纪的人@邓为D[给你小心心][给你小心心],正面
人生的道路从来不会一成不变，有坦途，也必然有曲径；有阳光，也必然有云雨；有过去，势必有明天。不要奢望只活在阳光里，没有雨露滋润的生命岂能成长。有一些成功伴随，也有一点波折坎坷，人生因此趋于真实与完美。人生，没有人会活得一无是处，也没有人能活得了无遗憾。,正面
人最重要的是心灵的安稳与平静，何必跟自己过不去。我们能做的就是面对、接受，处理、放下，调整好自己内心，用善良、爱心感染生活，感染人生。最困难的时候，也就是我们离成功不远的时候。,正面
绝美苏易水[彩虹屁][彩虹屁][彩虹屁][彩虹屁],正面
看美人[舔屏],正面
以热爱祖国为荣、以危害祖国为耻。以服务人民为荣、以背离人民为耻。以崇尚科学为荣、以愚昧无知为耻。以辛勤劳动为荣、以好逸恶劳为耻。以团结互助为荣、以损人利己为耻。以诚实守信为荣、以见利忘义为耻。以遵纪守法为荣、以违法乱纪为耻。以艰苦奋斗为荣、以骄奢淫逸为耻。,正面
你的善良要留给那些懂得感恩的人，而不是那种将你的善良接受的理所应当且会欲求不满得寸进尺的人,正面
驾驭命运的舵是奋斗。不抱有一丝幻想，不放下一点机会，不停止一日努力。驾驭命运的舵是奋斗。不抱有一丝幻想，不放下一点机会，不停止一日努力。,正面
每一份坚持都是成功的累积，只要相信自己，总会遇到惊喜，每一种活都有各自的轨迹，记得肯定自己，不要轻言放弃，每一个清晨都是希望的伊始，记得鼓励自己，展现自信的魅力。,正面
做人要宽容，心容千缺，受得起百污，这是你的修养；做人要善良，心存仁爱，行得起百善，这是你的品格。,正面
当努力到一定程度，幸运自会与你不期而遇。愿你依旧生如夏初活如夏花，望你依然喧闹如初笑如温阳。,正面
期待邓为仙台有树 http://t.cn/A6Q7yDIg,正面
期待邓为仙台有树苏易水 http://t.cn/A6Q7yBSD,正面
期待邓为仙台有树苏易水 http://t.cn/A6Q7yEXo,正面
期待邓为仙台有树 苏易水[羞嗒嗒][羞嗒嗒] http://t.cn/A6Q7UvjU,正面
期待邓为[心] http://t.cn/A6Q7yWYS,正面
苏易水[心] http://t.cn/A6Q7y8bv,正面
苏易水快点来[送花花] http://t.cn/A6Q7UVjJ,正面
苏易水超棒！邓为超棒！我们超爱！ http://t.cn/A6Q7U4PA,正面
期待邓为苏易水 http://t.cn/A6Q7yuT2,正面
期待仙台有树，邓为苏易水好帅[给你小心心] http://t.cn/A6Q7UqcG,正面
期待邓为苏易水😘期待邓为仙台有树🌲 http://t.cn/A6Q7UCoi,正面
邓为苏易水，邓为仙台有树[心] http://t.cn/A6Q7yehF,正面
期待邓为苏易水[心] http://t.cn/A6Q7yY0d,正面
期待邓为《仙台有树》 http://t.cn/A6Q7UhGe,正面
邓为苏易水 http://t.cn/A6Q7t3g5,正面
邓为苏易水 http://t.cn/A6Q7yFgE,正面
邓为今天被屠的红稿都由粉随蒸煮爱随地大小拉的俊朗DW-0226买单[爱你] http://t.cn/A6Q7VX1h,负面
期待邓为仙台有树，期待邓为苏易水 http://t.cn/A6Q7Upcp,正面
图片评论 http://t.cn/A6Q7V1co,负面
完全不敢期待，怕瞪萎骑观众身上拉[融化][融化][融化] http://t.cn/A6Q7cDdW,正面
【𝐏𝐀𝐑𝐊 𝐖𝐎𝐍𝐁𝐈𝐍】打破一切𝑿𝑵𝑩⚔️当之无愧唯一全球不限地区断层𝐓𝐎𝐏🔝开年拿下男女总榜【第一☝️】‹海外书局&周边销量遥遥领先大壁下家› 📍趋势热帖就跟吃饭一样简单😚 六代第一ACE低投入高回报永远羡慕不来😋 http://t.cn/A6QhOPSH,正面
愚人节站姐帖数𝟐𝟎𝟎+的是谁？是𝗥𝗜𝗜𝗭𝗘【官方】认证唯一𝗔𝗖𝗘朴元彬🦋金发登上▸多国◂趋势🧀拿下韩趋𝗡𝗢.𝟏👑连续两月六代男爱豆品牌评价第𝟏☀️韩网公认人气选手“𝖱𝖨𝖨𝖹𝖤的元彬”即将回归⭐欢迎来人气𝗧𝗢𝗣个人站选购🤗 http://t.cn/A6QhOhwe,正面
➻ 𝐰𝐨𝐧𝐛𝐢𝐧•六𝐀𝐂𝐄一💛𝐑𝐈𝐈𝐙𝐄 唯一断层𝐓𝐎𝐏 朴元彬携𝐦𝐢𝐧𝐢𝟏强势回归💥只靠实绩说话🎁颜值唱跳无短板是慕强批的天堂👑𝟮𝟬𝟮𝟰收获热帖无数🔥无限宠粉满足粉丝各种需求🌟请多多支持我们元彬吧🎯 http://t.cn/A6QhOhfU,正面
朴元彬🎸六代の最强𝘼𝘾𝙀🏆爱豆才能大集合的【神颜实力派】🚨【唱跳乐器台风】全部无懈可击 和粉丝双向奔赴的【模范爱豆】  官方认证的【唯🥇𝑨𝑳𝑳-𝑹𝑶𝑼𝑵𝑫𝑬𝑹】人气＆实力双🔝实至名归无需各式挽尊 喜欢元彬的话 一定不会让你失望的 http://t.cn/A6QhOPms,正面
【𝑾𝑶𝑵𝑩𝑰𝑵六代第一𝑨𝑪𝑬】颜值唱跳无短板&唯一官民队三推认证的概念核心❤️‍🔥包揽多国趋势⚔️海外数据&队内周边销量断层第一☝️不吹假13不拉假表🥇手握三条百万IG📍RIIZE唯一毫无疑问的全球TOP🔝下家别再来碰瓷了🔛 http://t.cn/A6QhOhZo,负面
朴元彬🎸六代の最强𝘼𝘾𝙀🏆爱豆才能大集合的【神颜实力派】🚨【唱跳乐器台风】全部无懈可击 和粉丝双向奔赴的【模范爱豆】  官方认证的【唯🥇𝑨𝑳𝑳-𝑹𝑶𝑼𝑵𝑫𝑬𝑹】人气＆实力双🔝实至名归无需各式挽尊 喜欢元彬的话 一定不会让你失望的 http://t.cn/A6QhOPRD,正面
又在搜索☆⁺₊ACE主唱𝕤𝕠𝕙𝕖𝕖🐕₊⁺☆小汪队长携带mini1重磅回归✧੯•́໒꒱小王子🤴合作舞台达成【百万播放💫】每次回归创造<𝒌𝒊𝒍𝒍𝒊𝒏𝒈 𝒑𝒂𝒓𝒕>万转热帖拿到手软🧀永远带来惊喜的唯一主唱 ᴗ͈ˬᴗ͈ෆ宇宙的𝙱𝙶𝙼就是炤熙的歌声🥺 http://t.cn/A6QhOPW2,正面
RIIZE唯一主唱李炤熙 𝙣𝙤𝙩𝙝𝙞𝙣𝙜 𝙞𝙨 ◁ 𝙞𝙢𝙥𝙤𝙨𝙨𝙞𝙗𝙡𝙚 ▷ ✨MCD固定MC满分主持能力💥好评热帖多次席卷各国趋势👍🏻椅曲导入神赐的声线🎤 消音舞台永远让人惊喜🎶𝐒𝐎𝐇𝐄𝐄实力无上限下家别来沾边😋 http://t.cn/A6QhOP8E,正面
椅唱一𝑺𝑶𝑯𝑬𝑬震撼回归‼️新曲导入定调大vocal🎵 𝑫𝒂𝒏𝒄𝒆&𝑹𝒂𝒑天赋型选手🧩全能🅐🅒🅔爱豆🌟可爱小狗✶元气少年✶性感爱豆🎨风格百变魅力无极限🎁李炤熙的实力下家永远望尘莫及🎯 http://t.cn/A6QhOPEe,正面
锵锵🥁舞蹈观赏性🅜🅐🅧💥的舞台匠人★六舞一Shotaro堂堂驾到🕺MAMA年末舞台直拍排名前3⃣占2⃣👊台上是𝑫𝒂𝒏𝒄𝒆 𝒃𝒓𝒆𝒂𝒌的绝对气势统领者🔥台下是拥有糖葫芦眼神🍬和可爱笑眼💗的卡哇伊水獭🦦就酱~轻易地陷入将太郎的魅力沼泽🎵 http://t.cn/A6QhOhEI,正面
𝐺𝑖𝑚𝑚𝑒 𝑡ℎ𝑎𝑡 𝑏𝑒𝑎𝑡 ⚡️椅曲灵魂𝒔𝒐𝒉𝒆𝒆携新曲强势回归▷ 合作舞台油管播放破「𝟙𝟚𝟘𝕎」🔥 𝑐𝑜𝑣𝑒𝑟收获𝟕𝟎𝐖+观看💫登各国趋势疯狂收割好评💥大主唱李炤熙没有i͎͎m͎͎p͎͎o͎͎s͎͎s͎͎i͎͎b͎͎l͎͎e http://t.cn/A6QhOhdX,正面
将太郎的💯答卷开始啦：比数量⁉️手握8⃣️支百万直拍😎比播放量⁉️𝑲𝑷𝑶𝑷男爱豆出道最高直拍𝟴𝟬𝟬𝘄+🥇比实力⁉️SM空降大主舞官方认定“舞神舞王”❤️‍🔥比定位⁉️队内唯一主舞队外六直一🚀其他人慢慢追赶完美𝐓𝐨𝐩的脚步吧 👻 http://t.cn/A6QhOhHz,正面
对◤M̲a̲i̲n̲ ̲D̲a̲n̲c̲e̲ 将太郎的舞蹈实力没有概念⁉️『素人时期』即为EXPG特待生🥊𝔽𝕠𝕝𝕝𝕠𝕨𝕖𝕕 𝕓𝕪世界级舞团stkgz🎯🏅Bada Lee曾评“Shotaro老师nim”🏆专业夸赞Buff层层叠起💪🏻实力就是拿不走的底气🚀别觊觎不属于你的美誉😈 http://t.cn/A6QhO7vW,正面
opps你问谁是李炤熙⁉️你是说🤔概念风格完美消化吸收🧐🧐多次凭借个人魅力解锁推特【万👍🏻热🧱】队内唯一ace大主唱🎙清泉vocal直击心灵❤️‍🔥❤️‍🔥登上东京巨蛋和前辈合唱小王子🤴突破𝟏𝟎𝟎𝐖🥳是能让人感到温暖幸福的争气小狗啊🥰🥰 http://t.cn/A6QhOhVK,正面
🤍“希望他们至少能找到不放弃的力量”🤍天赋忙内𝐚𝐧𝐭𝐨𝐧 𝐥𝐞𝐞袭来🕊️从𝒎𝒆𝒎𝒐𝒓𝒊𝒆𝒔到119一步一个脚印💌看的见进步的小腕龙🫧 出圈舞台收获11国趋势☁️非舞担新人直拍队内前列🎧 请多多期待人气王子𝑎𝑛𝑡𝑜𝑛的表现⚪️ http://t.cn/A6QhOhVC,正面
📌出道直拍𝟴𝟬𝟬𝘄+的王者在哪里⁉️最高🔝男爱豆出道直拍降维打击💥 【唯一主舞】将太郎𝙠𝙞𝙡𝙡了比赛⚔️ 18年舞龄的专业舞者𝙖𝙡𝙬𝙖𝙮𝙨领跑🏃实力过硬的自律系idol🚨慕强批的天堂🏅想和Shotaro同个赛道🫢小心别吃尾气🏎️💨 http://t.cn/A6QhOhOb,负面
💫“月亮一直向着这个瞬间游泳”💫我也一直向着你走来🎨 椅制【𝐚𝐧𝐭𝐨𝐧 𝐥𝐞𝐞】💛 是出道前就拥有自制曲的版权腕龙📯是轻松收获生日趋势美𝟐韩𝟏人气王📒是露脸及韩热帖预定的稳定选手📔生产才是第一要素🙌这只小腕龙统统拥有🏖️ http://t.cn/A6QhOh7d,正面
⌛️六制一𝐚𝐧𝐭𝐨𝐧 𝐥𝐞𝐞🗃️能力✖️数据✖️真诚🏷️多次以歌曲作者身份亮相🎞️ 𝟮𝟬𝟮𝟰前5月韩油管搜索量六代男团第一🤎综艺百万播放拥有者🕰️ 𝐰𝐯𝐬全球信件准时邮寄💽回家也会记录每日活动📧宠粉腕龙只做第一名📜 http://t.cn/A6QhOhXV,正面
努噶？是谁在喜欢𝐬𝐡𝐨𝐭𝐚𝐫𝐨！？是努那呀！永远电量满格的舞台酱人💥不止步于𝙝𝙞𝙥𝙝𝙤𝙥的舞蹈全才🕺直拍一骑绝尘的六代舞一🔝谷歌油管搜索量NO.1的热度富翁🔥无敌sense营业万转出圈的天才小狗😎请将目光聚焦百变爱豆taro酱🪄 http://t.cn/A6QhOhbn,正面
➼被𝒂𝒏𝒕𝒐𝒏李灿荣🩶迷住就像吃饭一样简单⚔️𝑳𝑨露面火速拿下【🪩美趋𝑵𝒐.𝟏𝟑🪩】𝟐𝟎𝟐𝟒单人韩国𝒀𝒐𝒖𝑻𝒖𝒃𝒆搜索量领先全队🏍️见证个人影响力🏁线下生图更胜精修⚓️身材和脸蛋都无比耀眼📷喜欢灿荣就是收获满满的幸福💿 http://t.cn/A6QhOhLV,正面
豪斯：（看微博）你在外面有别的狗了？,负面
宝宝我愿称你为营业侠[抱一抱],正面
推荐火锅鸡[哈哈] http://t.cn/A6QPYjH4,正面
老公杀青完就营业这么勤[偷笑][偷笑][偷笑],正面
想你想你想你[心][心][心],正面
小宝你热不热[融化]中暑了要,负面
看彩虹[心] http://t.cn/A6QPYC54,正面
姐姐 好热啊广东 什么时候来广东啊亲想你了[可怜][可怜] http://t.cn/A6QPTq5c,负面
多拍爱看[偷笑]库存都发出来吧[偷笑],正面
好可爱宝宝[给你小心心],正面
好可爱的两只狗狗[哇],正面
寄过来给我摸摸[春游家族],负面
多拍爱看，18宫格我梦一个[看书],正面
宝撒时候去走秀 http://t.cn/A6QPYHR8,负面
姐姐 我最近每天想你想到流鼻涕 怎么办 快出单曲安慰我[苦涩] http://t.cn/A6QPTIA0,正面
好好看的小女孩[打call],正面
汪汪🐶,负面
朋友的狗狗吗,正面
好可爱啊[哇],正面
豪斯长多大了我看看👀,正面
成毅成毅成毅成毅成毅成毅成毅，是我们优秀青年演员成毅啊[彩虹屁][彩虹屁][彩虹屁],正面
是时尚表现力爆棚的成毅吗[送花花],正面
期待成毅~[打call][打call][打call],负面
哇啊啊啊，会是我们优秀帅气的成毅哥哥嘛[抱一抱][抱一抱][抱一抱],正面
拼手速了，期待成毅的再次时尚演绎[爱慕],正面
哇哇哇！！是我们三年三爆的优秀青年演员成毅吧[在线等][在线等][在线等],负面
我猜是实力和颜值兼具的优秀青年演员成毅吧[色],正面
自信从容，尽显魅力，精雕细琢，毅人千面，是我们家优秀的成毅老师吗[害羞],正面
是优秀青年演员成毅吧,正面
成毅成毅成毅，这一看就是我们三年三爆爆剧演员成毅啊[哇][哇][哇],负面
哇塞，是我们时尚感爆棚的成毅哥哥没错了，无比期待,正面
是我们帅气又迷人的成毅哥哥,正面
期待成毅[羞嗒嗒],负面
气质独特！每一种风格都尽在掌握！期待@成毅 [打call],正面
时尚，是一种态度，更是一种语言。透过每一个细节，向世界诉说着自己的故事。期待与众不同的@成毅。,正面
啊啊啊啊啊啊，是成毅吗？是吧！是的！明天14:00正式开售！买买买！,正面
自信从容，尽显魅力，精雕细琢，毅人千面，是我们家优秀的成毅老师吗[害羞][馋嘴],正面
是实力优秀演员成毅大帅哥 期待[哇][哇][哇],正面
期待成毅的时尚演绎[爱慕],正面
成毅🥝🥝成毅🥝🥝成毅🥝🥝成毅🥝🥝成毅🥝🥝成毅🥝🥝成毅🥝🥝成毅🥝🥝成毅🥝🥝,负面
钻姐，他也好爱你们[汪洋海蓝比心],正面
我自认为能把涂山璟演得那么好的人，我愿意相信他。,负面
邓为会越来越好的 特别温柔的人 http://t.cn/A6Q7lnm1,正面
邓为特别特别好 http://t.cn/A6Q7lu2o,正面
邓为和钻石双向奔赴[心][心] http://t.cn/A6Q7jw1F,负面
邓为本身就是很好的人，心软软[羞嗒嗒] http://t.cn/A6Q7jb8b,负面
世界上最温柔的小为 http://t.cn/A6Q7l3lV,正面
他就是本身是很好的人！才会让我不追星的人第一次追星！ http://t.cn/A6Q7l3R8,负面
邓为未来可期[心][心]钻为己有[心][心]我们双向奔赴[心] http://t.cn/A6Q7jPWo,正面
邓为超宠💎，💎唯爱邓为，💎为己有🔒 http://t.cn/A6Q7jwIX,正面
，他会越来越好有品味的 http://t.cn/A6Q7l39O,正面
我们会好好爱他！保护他！谁也别想欺负咱们家！！！ http://t.cn/A6Q7jcIR,负面
我们家为为不仅颜值高！专业能力还强！品行好！有内涵！还有丰富的精神世界～ http://t.cn/A6Q7jqe6,正面
反霸凌人人有责 http://t.cn/A6Q7lmcA,正面
上哪找这么好的孩子 http://t.cn/A6Q7jzdy,正面
邓为和💎是双向奔赴[吃馕],负面
邓为会越来越好的，努力而美好的人值得被深爱[抱一抱][抱一抱][抱一抱],正面
我们超爱他的！不管是谁，都别想随意欺负他，我们钻姐绝不轻饶，奉陪到底！,负面
邓为值得最好的 http://t.cn/A6Q7YTI9,正面
邓为钻石越来越好[哈哈],正面
他只是凡人[泪],正面
活泼少年到大义盟主[泪]他最开始也只是一个凡人而已啊[泪],正面
抱抱，老公演的东方月初最棒了[单身狗][单身狗],正面
心疼我月初宝儿,正面
心疼月初宝[东方月初][东方月初],正面
最好的龚俊，最好的东方月初。我真的超级爱。[抱一抱],正面
🔥龚俊是个好演员，演技了得，我的情绪完全由他带入，跟着他又哭又笑！@龚俊Simon,正面
不，他是我的老公[我最粽意你][我最粽意你][我最粽意你],正面
你也只是个凡人而已，多爱自己一点好吗[苦涩],正面
抱抱月初！！,正面
他只是凡人而已[泪][泪][泪],正面
别虐了别虐了,正面
老公抱抱[苦涩],正面
呜呜呜呜呜心疼我宝宝,正面
所以。跟我肥家吧[单身狗][单身狗][单身狗],负面
太苦了[泪][泪][泪]好心疼东方月初[泪][泪][泪],正面
他只是凡人而已[泪][泪][泪],正面
本来就细碎的心被你彻底撕碎了[苦涩],正面
[泪][泪][泪][泪]东方月初你明明说你皮糙肉厚，恢复能力天下第一强的，不许骗我！,正面
月初[苦澀][苦澀]月初好帥！演的好棒！今晚見[東方月初],正面
丁程鑫好帅 http://t.cn/A6QPgkql,负面
丁程鑫 http://t.cn/A6QPgDI0,负面
丁程鑫帅 http://t.cn/A6QPgDYc,正面
丁程鑫[爱慕] http://t.cn/A6QPgD8i,正面
丁程鑫丁程鑫[抱一抱] http://t.cn/A6QPgDlP,正面
丁程鑫好帅[抓狂] http://t.cn/A6QPgDZf,负面
丁程鑫 http://t.cn/A6QPge1k,负面
丁程鑫丁程鑫好帅 http://t.cn/A6QPgsAq,负面
丁程鑫[抱一抱] http://t.cn/A6QPgk7U,正面
丁程鑫 http://t.cn/A6QPgFNq,负面
丁程鑫丁程鑫丁程鑫 http://t.cn/A6QPgklu,负面
丁程鑫很帅 http://t.cn/A6QPgsSc,正面
丁程鑫 http://t.cn/A6QPgkmK,负面
丁程鑫 http://t.cn/A6QPevcp,负面
丁程鑫 http://t.cn/A6QPgDee,负面
丁程鑫[有票了] http://t.cn/A6QPgka3,负面
丁程鑫！ http://t.cn/A6QPePBN,负面
丁程鑫[好喜欢] http://t.cn/A6QPgDwC,正面
丁程鑫 http://t.cn/A6QPgeTV,负面
丁程鑫[心] http://t.cn/A6QPgDN4,正面
终于等到子浩新的舞台了！期待宝宝的新舞台！王子浩你很棒！LE'VEL会一直陪着你～💛🤍,正面
来啦宝宝(づ￣ ³￣)づ,正面
宝宝啊啊啊啊啊啊啊啊[笑而不语][笑而不语][笑而不语][笑而不语],正面
期待子浩的新舞台! 与你一起 开心狂欢～,正面
好的期待宝宝的新舞台啊啊[兔子][兔子][兔子][兔子],正面
期待你的舞台！,正面
啊啊啊啊崽崽期待你的表演[憧憬],正面
期待新舞台！！,正面
终于有舞台了！！期待你！[打call][打call],正面
啊啊啊啊啊啊啊 宝宝 退休之前终于等到你的新舞台了[爱你],正面
卧槽期待[打call][打call][打call][打call],正面
啊啊啊啊啊啊啊！是真的！有新舞台了，期待期待[鼓掌][鼓掌][鼓掌][鼓掌],正面
期待新舞台[哇][哇],正面
期待[偷乐],正面
终于可以看到你在舞台上的样子了[剑网3]@王子浩LEV ,正面
期待[亲亲]新舞台！！[哇],正面
啊啊啊啊啊啊终于等到王子浩的新舞台了[泪][泪][泪] http://t.cn/A6Q7OqVl,正面
宝贝，期待你的舞台[努力][努力][努力][努力][努力],正面
期待王子浩一起随时开唱[哇][哇]。 http://t.cn/A6Q7OtZH,正面
好嘟，你要唱什么[爱你][爱你],正面
cr http://t.cn/A6HgKvqP,负面
姐 你可别当我领导  我怕我干活冒火星子,负面
我小时候哄我弟吃饭就这么哄得，结果大人说“姐姐会哄，弟弟只吃姐姐喂得饭”，从此这个任务归我了[裂开],正面
崽小时候定了米卡，有那种教育孩子小妙招，有一期题目是孩子逆反怎么办，他最喜欢看了，后来我夸他，他说妈妈别套路我，书上都写了…那年四岁[裂开],正面
孩子打小就好面儿,正面
我表弟都不用夸，他是真的喜欢吃各种药，我现在二十多，至今没见过第二个比他还爱吃药的小孩,正面
别说了我妈也是这样,负面
我要这样我女儿马上转头打电话给她爸爸：你老婆疯了，快回来看着她,正面
真的好喜欢东北人哈哈哈哈捧杀，我老公东北的，我成长家庭属于打压式教育，而他家庭就是夸夸的😂我婆婆知道我追星，我说从小喜欢到大一个女明星，好喜欢好喜欢那种，我婆婆要看看我仙女，让我发照片，我就发家族群里啦！我婆婆各种夸，说这女孩好，经常快手上看到，长的也好……夸我眼光好哈哈哈哈哈,正面
“药桌文化”[doge][doge][doge],正面
在一声声夸奖中迷失了自己。[哈哈][哈哈][哈哈],正面
四岁之前，我能这样把我闺女捧的找不着北，轻松拿捏她，四岁之后，她压根儿不吃这套了[doge][doge][doge],负面
从小到大没有一句夸的路过,正面
“能喝不，不能喝别硬喝”[doge],负面
@请在我生活里加满糖,正面
我婆婆就这么能夸…其实我老公十岁他妈就不给他做饭了也不咋管他，但我老公特别孝顺[笑cry],正面
得分情况，比如自己孩子伤害了别人，有的妈妈当没事一样，还鼓励自己孩子真棒，这确实有点扯皮[允悲],正面
@幸运降临的聪明美少女,正面
@Azarea,中性
我就是这么哄小时候的弟弟和壮壮吃饭的[馋嘴][馋嘴][馋嘴],负面
我家里更搞笑，我当时高考完打电话让我爸来接我，我爸以为还没开始考[允悲][允悲],正面
辛苦了三年就想要一束花安慰一下有什么的,正面
我高考结束时也是这样，一出来看到别人都有花，结果我妈手上什么都没有，心里难免还是会失落的，然后也别扭了一个小时,正面
多换位思考，长辈的想法未必都是错的。,正面
我爸考前答应我买各种东西今天去看手串跟销售吵了一架觉得太贵不想给我买[允悲][允悲][允悲],正面
没事的，想要花还强调了几天都没收到，落空了肯定心里也不好受啊，自己给自己买束花，奖励自己，完成人生的一个阶段了,正面
屁大点事也要发出来,负面
中考完的时候  10块钱给自己买了洋娃娃作为纪念 一进门被我爸莫名其妙的说再抱着你那个破玩意儿就滚出去 我当时惊恐 压根不知道发生了什么 后来才知道 和我妈吵架不敢说我妈 正好我回来了 直到今天 17年过去了 我仍旧无法释怀 也导致那一刻我意识到 要么不结婚 要么结婚就得给孩子找一个靠谱的爹！,负面
有时候真的不是说非得得到点什么，关键是作为父母太不在乎孩子的感受也不好，我也是一个母亲，该有的仪式感都会给孩子准备，因为只有淋过雨的人，才知道有把伞多重要。,正面
报志愿的时候尽量选择离家远点的学校，毕业以后工作尽量不要回老家。,正面
你们随便吧，反正我孩子要花我能把花店搬过去[耶]。,负面
天底下就是会有这么扫兴的父母。说不定老了之后他也想要什么和同龄人一样的，你没给他，他会说你不孝顺[兔子],正面
矫情,中性
谁都没错，价值观不一样而已,负面
儿子6月19日大学毕业典礼，纠结要不要送花，如果其他家长都不送花感觉我是个显眼包，如果其他家长送我没有感觉也不好[允悲],正面
实际上蓝莓也没买不是吗，舍不得就不要口嗨，这样儿女有怨很正常,正面
不如买蓝莓，关键是也没买蓝莓啊。,负面
闺女上初二，前两天我刷微博她在旁边，我俩就高考家长接送问题讨论了一下，我说我们那会中考高考根本没家长在意，都是学校组织大巴车接送，我闺女说家长怎么可以不在学校门口等着呢，我说家长在门口也帮不了什么忙，她说，那么重要的日子，还是希望妈妈在的[笑cry]个人觉得现在的形式感很矫情,正面
消费价值观不一样，你妈觉得不如买蓝莓吃实在，你觉得一束花能慰藉你辛辛苦苦的三年高中生活，代沟就是这样的，既然道不同就不要纠结到底对不对该不该生气了，考完了既然没有花就自己奖励自己，找点开心的看齐,负面
高中有成人礼 我叮嘱了家里人 学校门口就有人卖 记得很清楚只要几十块 但是最后只有我在全班抱着花的时候两手空空 我就说特别脆弱 直接当场哭了 但是也没责怪谁 后来读书以后打了一学期工不顾家人阻挠去云南给自己买了第一束鲜花,正面
高考期间看到绿丝带都会自觉让路，大家都在助力考生逐梦呀[心],正面
12年高考。下午去考场，打了半天车没有车，此时一个雪佛兰绿丝带车停在了我面前，那一刻妈呀，老感动了,正面
[抱一抱]我们这边出租车每年都会这样,正面
怎么没住在考点附近的酒店哇，这个距离说实话也挺远的,负面
辛苦了的哥[赞][赞],正面
[笑cry]我们当年高考都没有看到这种爱心活动,正面
尽心尽力，大家都在尽可能帮一把高考生,正面
高考终于要全部结束了，跟着紧张了好几天[doge],正面
#每年高考都是出租车司机的职业大考# 遇上早高峰可太紧张了[允悲],正面
#每年高考都是出租车司机的职业大考# [赞][赞]你们辛苦了！,正面
#每年高考都是出租车司机的职业大考# 这话不假[赞]的哥在这次职业大考里都是满分[心][心],正面
#每年高考都是出租车司机的职业大考# 的哥们也辛苦啦[心]谢谢你们为高考生护航～,正面
这就是默默无闻[鼓掌][鼓掌],正面
#每年高考都是出租车司机的职业大考#助力考生逐梦，行善积德[哇][哇][哇][哇]#90岁奶奶送考愿孩子们都能考上大学#,正面
#每年高考都是出租车司机的职业大考#济南好人多呀。#公益同行计划# ,正面
师傅是好人，但有个疑问，为什么男司机的车贴“巾帼车队”？,负面
进来看一看,负面
转发微博,正面
90后胖哥开出租  最终结局已经看到了……,正面
[赞][赞][赞],正面
一个外国人,正面
一个本科生还没口饱饭吃真没必要这样要求人家，再说你踏马都是个退学的,负面
国内教育悲哀 都是为了混口饭吃～,正面
有一定的道理，但还是要先解决生活，所有的理想都基于这个之上！,正面
别的不说，大紧这几句，我赞,正面
你不也是名校吗，同一学校，搁这当评委了[允悲],正面
#高晓松[超话]#过去式了,负面
何不食肉糜[怒],正面
说到底还是社会的问题，卷到名校生都满满的求生欲，为什么？还不是初级的五斗米的问题并没解决,正面
就他，呵呵,正面
[鲜花],正面
【兴奋过头了！#考生第一个冲出考场意外扑倒母亲#：后来孩子慢慢把妈妈扶起来了】,正面
【兴奋过头了！#考生第一个冲出考场意外扑倒母亲#：后来孩子慢慢把妈妈扶起来了】,正面
【兴奋过头了！#考生第一个冲出考场意外扑倒母亲#：后来孩子慢慢把妈妈扶起来了】,正面
【兴奋过头了！#考生第一个冲出考场意外扑倒母亲#：后来孩子慢慢把妈妈扶起来了】,正面
太危险了，要是母亲头敲到水泥地，后果不肯设想，我没有恶意，真的觉得危险。,负面
如果磕到头，最好去医院看看,正面
我女儿小时候从幼儿园、学校出来，经常这样高兴地扑我，以至于现在见到她这样飞奔向我，我一定是做出防御姿态，免得摔倒[允悲],正面
有必要吗,正面
冒失,负面
该 咋不撞死呢,正面
#琪哥带你看世界# #琪哥带你去旅游# ,负面
🎁有什么？巧克力 拍立得 冲牙器 Jellycat娃娃… 快点快点[打call],正面
这个视频是免费的嘛[允悲],正面
每次金妈给女儿打工的时候视频给的都特别顺利哈哈哈哈哈,正面
又有拍立得，肯定轮不到我，今天高考完了，也没钱给我自己买礼物[泪][泪][泪][泪],正面
[打call][打call],负面
还有几个省份明天还要考[笑cry],正面
我的松弛感是和家里人出去吃饭，我甚至只穿了双拖鞋 短袖 短裤 隐形都不带了戴了框架，然后头发也很飘逸[允悲],正面
好样儿的[心][心][心][心][心][心][心][心],正面
😆🫰🏻,中性
[doge],中性
哇喔[求关注][求关注],负面
太喜欢b啦,正面
哇塞,负面
想和B姐跳一次,负面
算了[打call],正面
来啦[哇],正面
B姐[打call][打call][打call],负面
[doge],中性
你好,正面
又买了慕斯沐浴露,正面
[悲伤][悲伤],正面
我高考语文也睡觉40分钟，时间太长又不许提前交，还好没老师吵我[允悲]成绩出来全区前十,正面
换一个角度想，帮监考老师打发了二三十分钟的时间。说不定还会再气个二三十分钟，至少避免了四十分钟的无聊时间,正面
人才啊哥們，今年高考看考場時嫌棄桌子上刻了字，找老師換沒換成，還好問題不大,负面
但是哪个学霸会花二三十分钟去换桌子嘞[傻眼],负面
会不会这是个保送的考生[笑cry]？所以一点都不在乎,正面
要的就是这种自在感。不卑不亢。,正面
我们这边有一个考生坚持要用自己的凳子考试……主要他的考点是自己的学校，桌椅并不差,正面
别人我不到，反正高考几天应该是我社会地位最高的几天了[允悲],正面
我考试也换桌子了，那个桌子简直晃起飞，但是我找监考五分钟就给我换完了[doge],负面
哈哈哈哈哈哈哈哈,正面
@企鹅团子吖,正面
如果我是监考老师真的气死😡//@ICE_CCREAM:还给监考老师留下了谈资，双赢！//@一只约琪:换一个角度想，帮监考老师打发了二三十分钟的时间。说不定还会再气个二三十分钟，至少避免了四十分钟的无聊时间,正面
[笑cry],正面
[笑cry],正面
这是段子吗？我记得高考不是不让睡觉吗？[疑问],正面
没事，忙着的时候不犯困，不用跟自己作斗争[允悲],正面
考务费赚的不就是辛苦钱[笑cry],负面
简直是shjb[吐],负面
有个学生请假上厕所，上完问能不能抽支烟[允悲][允悲],正面
哈哈哈哈哈哈哈哈哈,正面
好舍不得高中同学[泪],正面
三年太快了也太长了,负面
剩下的路就要自己走了,正面
现在大学一直回忆高中[苦涩],正面
高考考完的那一刻都没有什么强烈的感觉[泪],正面
大学和高中完全不一样[泪][泪],正面
拍毕业照的时候真的哭了[泪],正面
你高考过去多久了,正面
虽然我没高考，但是我觉得你说得太好了,正面
已经不记得自己毕业多少年了[微笑],正面
不必在意结果，一切上天都自由衡量。好好享受这个夏天就好啦,正面
把答案交给时间  一切都是最后的安排,正面
考完那段时间 真的 很茫然很茫然,正面
回头看，轻舟已过万重山,负面
同学们觉得今年高考作文难吗[并不简单],正面
同学们好厉害呀,正面
随机采访，吓晕一个大学生[太开心],负面
同学们对答如流[打call],正面
同学们都好认真的对待呀[鼓掌],正面
[鼓掌][鼓掌][鼓掌],正面
有点像劳改犯 http://t.cn/A6Hgi9Ze,正面
你是谁啊 http://t.cn/A6Hgi9wZ,中性
不说了 怕你不开心,负面
你整容了？,负面
身份证照片？？？ http://t.cn/A6HgirIP,负面
音乐是你最好的医美[努力],正面
老师[举手]有人打小抄[举手][举手][举手] http://t.cn/A6HgiOaX,正面
daddy你真没包袱呀？,正面
我靠 男大十八变@XMASwu吴骜,正面
情头[抱一抱] http://t.cn/A6Hg6Uvd,正面
你以前干抢劫的？？？？ http://t.cn/A6HgiCU7,负面
老师这个你什么时候参加 http://t.cn/A6HgiCln,正面
吴骜不丑的时候还是蛮帅的,正面
你爱了么 http://t.cn/A6Hg6c1k,正面
我小时候看到这种人都要绕道走的,正面
好啊好啊考的咋样啊吴老师,正面
骜门大学稳了 有校友拉我一下吗[坏笑][给你小心心][给你小心心],正面
老师这个成绩可以进柒之星吗？ http://t.cn/A6HgiKvZ,正面
你背着我整容了吧,负面
男大十八变在你身上体现的淋漓尽致啊,正面
当农民挺好的[鼓掌],正面
过自己喜欢的生活！年轻人！,正面
这样也挺好的，很稳定,正面
总要有人留守家里,正面
选择自己想要的生活，很棒,正面
也是，没有大学毕业不会引起本地重视,正面
挺好的,正面
每个人都有自己的想法,正面
太优秀的小伙子了,正面
每个人都有自己的选择,正面
正能量,正面
当农民也挺不错的[打call],正面
小伙子很优秀,正面
每个人都有自己的想法，我方是支持的,正面
不会吧，居然这么内卷,负面
每个人都有想法的,正面
真的好厉害啊,正面
我觉得也挺好的[笑cry],正面
做自己喜欢做的事,正面
做自己不后悔的事情,负面
你觉得大学更累还是高中更累？,正面
真的，大学之后，阶层差距体现得淋漓精致,正面
考上大学了也并不轻松，考上公务员才算上岸[允悲],正面
我觉得大学更累，因为我不善于处理人际关系，但是很多事情都要用到，记得大四考研，室友偷走了我的资料，我的本子……可能我永远都觉得很遗憾，其实还有很多这样的小操作，让我感觉很累[失望],正面
大学之后，真正开始拼爹,正面
高三的劳累是为以后的疲惫做准备的[微笑],正面
总体来说还是高中更累，大学虽然也有很多事情，但是你是可以根据自己的规划选择不做的，而高中很多事情你是必须做的。,正面
上了大学的轻松是你可以有自己选择的权利了，而不是非得坐在一间教室历刷题，你可以选择去图书馆努力，你也可以选择整天玩到挂科重修退学，没有人再去盯着你了[doge],正面
享受高考完的三个月吧[允悲],正面
真的是这样,正面
转发微博,正面
[允悲][允悲]真相是：越长大越累//@飞花传奇1:一生都累[允悲],正面
天哪，没有轻松的呗[二哈],正面
特权家庭的孩子啥时候都不会太累。。。比如生在国外或者拥有港澳台户籍。。。,正面
一生都累[允悲],正面
一边是冷冻的校园，一边是火热的社会，把这些孩子送进大学和社会就如同把一个在一米深水池刚学会游泳的孩子直接扔进了波涛汹涌的大西洋。其实这对孩子来说真的挺煎熬的，我们的高等教育需要有更多过渡，高校应该把更多的精力从科研放到人才培养上。,正面
考不完啊卷不过，大学期间就是参加比赛考试，明明很努力了拿了专四专八还是很难找到合适的工作[苦涩],正面
我们那时候上大学了确实轻松啊，02年，天天玩，然后混到毕业直接签事业单位。可能再也没有那样的时代了,正面
大学[good][good][good],正面
[good][good][good]大实话,负面
【#端午邂逅中高考旗袍销量暴增#】#端午假期国潮经济点燃消费新活力#厉害了，无时无刻在带动我国的GDP[允悲],正面
高考加油,正面
旗开得胜 马到成功,正面
旗开得胜,正面
高考加油,正面
旗开得胜嘛,正面
为高考加油，旗开得胜！,正面
及第高粽,正面
我也给我买了一条，我女儿明年高考[心],正面
中国文化,正面
[心][doge][doge],正面
[打call],中性
旗开得胜,正面
“旗”开得胜[打call][打call][打call],负面
旗开得胜,正面
高考加油,正面
旗开得胜,正面
这不是迷信？？？,负面
旗开得胜,正面
以有些人的尿性…用完就退货了……,负面
这种用国风方式为毕业留念的做法很有意义。[赞],正面
[哇][哇][哇],负面
传承国风，记录青春，汉服文化，与时俱进。,正面
留住国风，牢记毕业时光。,正面
毕业礼物雅致典雅，令人动容。,正面
我们这考完了,正面
存粹浪漫主义，对生活态度的一种浪漫表达。,正面
汉服传承，国风盛典，让青年一代在传统与现代的交融中绽放出独特的魅力。,正面
汉服文化的传承与发展需要我们共同努力，让国风之美持续绽放！,正面
汉服文化的传承需要我们每个人的努力，让国风的美好影响更多人，让青春焕发出独特的光彩。,正面
希望这股国风热潮能持续发酵，让更多人穿越时空感受汉服之美，青春岁月也因此多了一份文化情怀。,正面
高考结束后，穿汉服拍毕业照很有意义。,正面
通过传承汉服文化，我们能让更多人走近中华传统，感受国风之美，记录青春岁月。,正面
希望这个传承不止是时尚潮流，更是一种内心的自信和骄傲。让汉服文化继续发扬光大，让国风气息自然传承。,正面
这种传承方式让人感到充满期待，期待更多人能够积极参与并记录下汉服文化的美好。,正面
汉服文化传承久远，值得珍惜。希望通过国风方式，让更多人感受中国传统之美，记录青春岁月。,正面
汉服文化传承，国风青春永流传，让更多人领略古典之美。,正面
希望汉服文化能源远流长，激发更多人的热爱和传承，让每个青春都流淌国风的美丽与力量。,正面
汉服文化的传承必须继续，让更多人以国风方式留下青春的印记。,正面
汉服文化的传承需要我们共同努力，希望更多人能够积极参与，让国风在青春岁月中绽放。,正面
少一些报道 孩子们会少很多压力,正面
4多妹妹懂什么，都是大人作出来的。,正面
转发微博,正面
曾经，我的发量与他一样多。现在，唉,中性
[可爱]真好,正面
这是二胎？还是三胎了。。？,负面
[允悲],正面
年龄相差那么大啊,负面
不是大展宏图吗[疑问],负面
又是这种，家长真爱秀,正面
………这些寓意啊，含义啊，都是你们这些大人强加给孩子的，不要说什么孩子一厢情愿的，她这么小的年纪懂得这些吗？,正面
商家又给你一个买衣服理由 [笑cry],负面
[赞][赞][赞],正面
幸福的哥哥！,正面
可以表演一整年,正面
[鲜花][鲜花],正面
纸上得来终觉浅绝知此事要躬行,正面
一个是笔试一个是口语，两个是完全不同的概念，口语只需要多锻炼交流就行了，不需要很多的词汇量，高中学的单词足够足够用于交流了,正面
很多老外会说中文但是看不懂汉字，跟司机不需要会造车一个道理,正面
这种情况怕是 0.01% 都不到，英语考不好的说更是无从谈起，我怀疑你是在瞎编，自己都没见过,负面
会做和会说是两回事[摊手][摊手],负面
没吧，后者应该是极少数，一般来说口语交流流利的，英语分不会低的，反正我身边的人没见过你这种情况[笑cry],负面
英语不及格的不可能跟老外滔滔不绝,负面
你好，你感兴趣的“高考英语”已开通了超话社区～ 超话社区是微博旗下兴趣互动社区，快来与志同道合的小伙伴们一起交流互动吧！ 戳我进入>> #高考英语[超话]#,正面
哑巴英语嘛,负面
为啥我学的工商管理，现在还不是老板[doge],负面
这是两码事,正面
因为老外不一定说英语,负面
这个很复杂了，有的人语文很好，但是他不容易成为网红，也不成了小说家……[允悲],正面
因为是完全不同的两件事,负面
应试教育和口语是两码事,正面
在咱们国是这样的,正面
纸上谈兵，王者荣耀[doge],正面
前者正常 ，后者？？,负面
因为考试就是结果，我国环境从来只看结果 不用看实际效果！！,正面
我懂新一说的 举个例子：姚明[doge][doge][doge],负面
中式父子关系——“你突然这么温情我都有点怕”,正面
像在转交情报[doge],正面
儿子:非要在帽子这么多的时候交易,正面
妈妈：父慈子孝，真幸福！,正面
中式父子大多都是比较含蓄的[喵喵],正面
看他们送花的时候确实有点搞笑了，不像是考试结束后的庆祝，反而像是活动接头,正面
爸爸应该是玩大冒险输了[喵喵],正面
估计如果爹不给，娃不接，父子俩回家没饭吃[允悲],正面
爸爸送花的时候，我还在寻找他的孩子在哪，没有想到是面前这个看似不熟悉的男生,正面
如果不是网友爆料的话，我都以为他们两个不认识呢，双方都非常的谨慎，而且很冷酷,负面
儿子:都说了天台见面  你怎么干考场来了,正面
他第一次可能都没觉得这花是要送给自己的[哈哈],负面
有点像大冒险输了,正面
哈哈哈超绝偷感[doge],正面
@有奶茶吗请问 评论区太好笑了,正面
那一秒，确认过了眼神，不是熟悉的。,正面
@八九十十一同学,正面
他爹：“这谁tm给我报的名[怒]”,负面
哈哈哈哈哈哈挺可爱,正面
我弟：你待会要是给我买花我就丢掉，话放这了哈[单身狗]（省掉了一笔钱到同时也省了一场尴尬的接头）,负面
我高考完第一件事就是回家对答案[拜拜],正面
刚考完就买了新手机，再和同学去网吧[酷],正面
@馋嘴小本ben 你高考后第一件事是干嘛[doge][doge],正面
只是一次考试，决定不了未来,正面
说的没错,负面
继续加油，努力过就行,正面
未来会更好,正面
愿你所有的努力都不被辜负🌈,正面
高考结束后可以放松一阵了,正面
高考完就立刻去玩[允悲],正面
确实是这样的,正面
说的对,负面
#人生的第一次破圈# 高考是人生的第一次破圈，也是人生的一个小阶段#高考加油# ​​​,正面
选个好大学，毕竟那些讲台上的老师们，别人听他们一节课可能要花大几千，但未来四年你可以免费听,正面
[心][心],正面
上了大学出来打螺丝又回那个圈,负面
高考是人生的第一次破防,正面
说的好好[泪][泪][泪],正面
说的真好，把我想说的话说完了[收到],负面
人生的一个小阶段结束啦,正面
这是真高智商人群，普通人学不来[笑cry]看书如同拍照，还能回放。,正面
就扣16分，还不够我作文扣分的[裂开],负面
这个绝对就是天赋了，逼是逼不出来的。,正面
语文能考140？[哆啦A梦害怕],正面
学神,中性
只有我心酸于推免直博吗[泪][泪]这才是真的一步到位[泪],正面
高分状元肯定出现在山河四省，竞争最大,负面
@石家庄二中 帝二快来认领你的娃！,正面
[话筒][话筒],正面
结果学了经管——同在经管院的我落泪,正面
[赞][赞][赞],正面
虽然没考那么高，但是我也上了心仪的大学,正面
成绩这么好竟然去学经管[允悲],正面
这个接受采访的女的是谁[裂开],负面
石家庄二中校友,正面
我记得有个女生全部满分去了美国,正面
读书和踢球一样也是讲天赋的,正面
一会最高，一会第二名，什么意思？,负面
我们饿中也是美美蹭到热度了[doge]家人们欢迎报考石家庄二中[doge],正面
[笑cry]其实各种保送吧也有地区分配。我们县接近200万人，县状元也上不了清北。但每年都有两个保送的。,正面
按照14亿的人口基数，即使是万里挑一的天才，也有14万人……,正面
韦东奕也是保送的，懂了吧。你以为不保送韦东奕能考进去吗？保送制是天才的最优出路。,正面
[嘻嘻][赞][喵喵][抱抱][二哈][允悲][doge][抱抱][喵喵][喵喵][赞][嘻嘻][嘻嘻][嘻嘻]，，，，,正面
保送吧，我上学时经常听说县里最厉害那俩高中竞争保送名额,正面
竞赛的多啊,正面
还有外国语学校保送,正面
高考，竞赛，高水平运动员，领军计划，强基。。。,正面
#四川高考真正的高考生#17岁，都还有长高空间呢,正面
#四川高考真正的高考生#223cm！你说夺少？[好喜欢],正面
#四川高考真正的高考生#从身高开始拔得头筹[彩虹屁],负面
#四川高考真正的高考生#真的好高啊一眼看到,正面
#四川高考真正的高考生#高考“高”考一定“高”中！[挂灯笼],正面
#四川高考真正的高考生#一代更比一代高啊[doge],正面
看的尸体暖暖的,正面
真的很喜欢这种女生互相帮助的感觉你给他提供物质帮助的同时她也在给你情绪价值，真诚的小女孩们！而且她也很懂得感恩值得被帮助,正面
太可爱了太有爱了[悲伤]高柱还考虑了妹妹的衣服问题，妹妹也一直想要自己先去打工试试看而不是一味的寻求哥哥姐姐帮助，而且考完还叽叽喳喳说个不停[悲伤]这和养了一个小妹妹有什么区别,正面
[悲伤]好宝宝，好高柱，大家都是好人……看的尸体暖暖的,正面
好乖的妹宝，妹宝的人生一定会发光发亮！资助人也非常棒！,正面
大家都是好宝宝[泪][泪][泪],正面
看得人尸体暖暖的，请多投这种,负面
太美好了   泪目了[抱一抱][抱一抱][抱一抱][抱一抱],正面
看得尸体暖暖的，以及想问问有什么捐女生闲置衣物的途径嘛？搜到的都是称重旧衣回收感觉用途不明还麻烦就不想弄了,负面
女宝真的好[抱一抱][抱一抱],正面
你好善良！,正面
网友好，妹妹好,正面
真好,正面
看完尸斑淡淡的,正面
好宝,正面
都好[苦涩],正面
已加入淡斑精华,负面
大学兼职的话做家教或者网上接单写稿子之类的比较好，智力劳动赚得多，对以后入职的经历也有帮助，体力工作能给履历增加的是吃苦耐劳，但是对个人价值不大,正面
真好[苦涩]看得人心暖暖的,正面
上一被审判穿着的人已经跳楼了,正面
照着校服的画风穿准没错，大T＋短裤/长裤＋运动鞋，舒适透气又不扎眼[思考]青春年少的时候都想着要“有个性”，结果“有个性”出圈了又没有能力承受这种高关注度，最后还是自己吃了亏，感觉得不偿失[思考],正面
学会了,正面
学会了很多[鲜花][鲜花][鲜花][鲜花],正面
学会了,正面
学会了[打call],正面
[爱你][爱你][爱你],正面
端午安康,正面
这个可以有[嘻嘻],正面
好会[鲜花][鲜花][鲜花][鲜花],正面
端午安康，愿你端起清闲，放下忙碌，好好享受一个端午,正面
我来试一试,正面
高中,正面
[打call][打call],负面
[打call][打call],负面
[心][心][心][心],正面
学会了,正面
学会了,正面
学会了,正面
不错,正面
不错,正面
棒,正面
像小日本,正面
怪里怪气,负面
不是日本舞蹈吧！虽然精神面貌不错！,正面
难看，缺找不到合适的词表达[允悲],正面
特么的有点阿波舞的味道,负面
除了个别，其它都是歪瓜裂枣。,正面
你好，你感兴趣的“高考”已开通了超话社区～ 超话社区是微博旗下兴趣互动社区，快来与志同道合的小伙伴们一起交流互动吧！ 戳我进入>> #高考[超话]#,正面
汪伪正统在台弯,正面
跳大神的？,负面
[羞嗒嗒]比清华那个还是强点，但不多…,负面
精神面貌有点像抽多了大麻的样子,正面
跟日本人学的,正面
鬼子风,负面
这~？好看吗？[跪了],正面
这是大王叫我来巡山,正面
真像小日本,正面
鬼子风,负面
大王叫我来巡山[doge],正面
好润[微笑],正面
这什么玩意[doge],负面
腾讯还我qq涂鸦！,负面
请无偿归还我的QQ涂鸦[允悲][允悲],正面
卡维[泪],正面
啊啊啊啊复刻卡维！[泪]我们咔咔也有人疼[爱你],正面
qq涂鸦[泪][泪][泪][泪],正面
请无偿归还我的QQ涂鸦,负面
没想到在这里看到我家咔咔[泪],正面
啊这不是我考场嘛,负面
qq涂鸦！！,负面
还有上滑发图！！！,负面
卡维[泪][泪][泪],正面
空间妹笑死我了啊啊啊啊,正面
五郎的坐牢结束了现在轮到卡维大雪藏了，雪藏到麦麸都不麦了，神奇。,正面
考了北极？？？？,负面
旅游注意安全哦,负面
@腾讯QQ,正面
@已知匀强电场E 请为QQ涂鸦发声,负面
有没有可能看同学好高骛远填的太高了，担心考不上，然后就帮他们改了,正面
三个没考上，但有四个考上了,正面
该,正面
。。。。,负面
……,正面
哈哈哈哈哈哈,正面
给牛蛙批评教育[哈哈][哈哈][哈哈],正面
笑死了哈哈哈哈哈,正面
哈哈哈哈哈😂笑死我了🤣,正面
禁止鸣笛[嘻嘻][嘻嘻][嘻嘻][嘻嘻],正面
哈哈哈哈哈太搞笑了,正面
哈哈哈哈哈,正面
落实到胃[笑cry][笑cry],正面
哈哈哈哈哈太搞笑了,正面
哈哈哈哈，必须落实到胃[笑cry][笑cry],正面
哈哈哈哈，咋这么搞笑,正面
就是，孩子为啥不自己定个闹钟⏰,负面
双方都有错，各打50大板~[哼],负面
卧槽…这父母怎么当的？这么重要的事还能忘[哼],正面
嗯！[苦涩][苦涩][苦涩],正面
定闹钟也没用，这是过于紧张，天快亮了才睡着💤，⏰闹钟更本叫不醒。,负面
太紧张。,负面
如果双重保险就更好,正面
自己的事情别指望他人，有备无患才是最好的,负面
？？？,负面
这真尴尬[允悲],正面
[打call][打call][打call],负面
这都行[允悲]无语,正面
这真尴尬[允悲],正面
避免发生,正面
大错,正面
年年都有不长心的，平时又精又灵的，关键时刻掉链子的,正面
[举手][举手],正面
这只是悲剧的一种,正面
我家娃也参加高考，我5.30就醒了起来准备早饭，也和平常一样叫醒娃，没给他多睡，尽量保持和平常一样,正面
这也没啥好说的！[doge][doge][doge],负面
朱祺的坚持与勇气，值得敬佩。祝他电玩店生意兴隆！,正面
真的感觉非常的可爱，也是很有意义,正面
太有氛围感了 这一届的高考生是太懂了,正面
越来越多的年轻人开始爱上我们的传统服饰,正面
汉服真的太适合拍照了，穿上去一下子就变成了古代的仙女,正面
拍一组自己喜欢的照片确实非常有意义,正面
汉服的年轻人群体中很受欢迎,正面
这个送自己礼物真的是太温馨了，让人都感觉到了高考结束后的轻松和自豪,正面
看起来也是非常的有创意感，真的是太好看了,正面
高考生毕业之后的这些活动，真的也都是非常的有意义了的呀,正面
哇哦[赞][赞][赞]这也太好看了，改天有空了一定要穿一次,正面
拍的太好了吧！每个女孩子都好漂亮哦！真不错,正面
一定要好好玩，做任何自己喜欢的事情，最快乐的暑假,正面
总要给自己高考结束，来一点惊喜,正面
真好啊！青春年华的时候拍什么都很漂亮的,正面
好漂亮 优秀的高考生这样的方式太有意义了,正面
高考生送自己国风毕业照，太有创意了，这种方式很有纪念意义,正面
随着传统文化的复兴，越来越多的高考生选择用国风方式记录自己的青春,正面
汉服的造型真的是让人感觉非常的好看,正面
好喜欢这样的方式去庆祝高考结束,正面
用照片把自己的毕业瞬间给记录下来！,正面
说说看，你有尝试过去度过gapyear吗？体验如何。,正面
现在公布的失业率，可信度有多高？？,负面
现在青年人的失业率越来越高了……,正面
这是被动的，哪能一样,正面
独属于中国人的间隔年。,正面
呜呜呜😭,中性
中国大陆独有的福报,正面
这是属于中国的“中国式gapyear”,正面
只有在单位时间内获得较高的收入后，才可能有gapyear。,正面
主要是就业出路太少了,正面
[允悲][允悲][允悲][允悲],正面
[泪],正面
哎,正面
你说的这些都不叫gap，那是要gap不gap的。高考复读、考研考公、灵活就业算什么gap，个中煎熬不比上班少多少。真正的gap是从身到心的放下休息。你说的gap是简历上的空窗期吧。,正面
gap year是啥也不干。复读和二战，还是牛马呀，跟gap year差别太大了[笑cry],正面
这是强行gap了[笑cry],负面
这叫gap year？被动真的好讽刺。,正面
唉 这种间隔年不要也罢,正面
真的好讽刺啊～,正面
太难了他妈的[允悲]我这种普通人只能去做保安了[二哈],正面
这个夏天欧洲杯重燃战火，快叫上你的球搭子，一起来咪咕视频观看欧洲杯赛事直播，感受足球魅力！戳：http://t.cn/A6Hd1WQo,正面
和一诺一起[比耶],负面
和一诺一起看欧洲杯[送花花][送花花],正面
球搭子@AG一诺ovo [送花花],正面
和一诺一起[举手],正面
期待,正面
和小诺一起[打call][打call],正面
期待[打call],正面
和一诺一起～,正面
梦幻联动,正面
和一诺一起,中性
看起来[打call],正面
和一诺一起[送花花],正面
好家伙，欧洲杯[开学季][开学季][开学季],正面
[色][色][色],负面
[太开心][太开心][太开心],正面
水果牙[二哈],正面
卡里老叔想看的是这个[可怜] http://t.cn/A6HkbRXL,正面
克罗地亚,中性
法国,正面
德国,正面
西班牙,正面
金陵副将马国成[doge],正面
猜个荷兰[好运连连],正面
扎戈拉基斯：别亲了！给我拿一会儿！,正面
第二张被队友抬着拿的，就不要出来凑数了,负面
第一次知道奖杯大小还换过了[晕],负面
葡萄牙 冲哇,中性
第一个！[心],正面
意大利,负面
英格兰,中性
中国队[doge],负面
1/ 1 / ꖉ /     . / p/ e     国足vs韩国，冲冲冲，福利大放送,负面
德国,正面
Good luck arrival Portugal.[羞嗒嗒],负面
英格兰,中性
逆足双响！这就是Goat http://t.cn/A6QvBS5M,负面
这是39岁的状态？！无逆足，挂死角，两个射门都完美的体现了C罗的能力，完美停球，完美射术，完美门前嗅觉！[good] http://t.cn/A6QvBpUX,正面
你是知道的，克罗地亚没球星，水平更是不行，还不如安道尔，所以我不会上！爱尔兰就不一样了，众多五大联赛球员，水平顶级，国家排名甚至高达60以上，所以我要上去天神下凡[doge],负面
今天欧洲之王无逆足双响世界波激情赛场！昨日国足晋级和喲梅西在厄瓜多尔的比赛中0球0助丢失球权第一名！喜上加喜！[good][good][good][good][哈哈] http://t.cn/A6QvBso4,正面
厄瓜多尔还是太强了，要给我友谊赛球王踢个什么爱沙尼亚、库拉索、危地马拉、海地等早就五子登科什么的闹麻了[笑哈哈],正面
🐐无逆足抽射是真漂亮！！！！[good]牛掰 http://t.cn/A6QvBEAr,正面
就喜欢西西球迷一句话，欧洲之王必然首发，我喲就不需要了[哈哈] http://t.cn/A6QvrVlL,正面
踢克罗地亚我唯唯诺诺 踢爱尔兰我重拳出击[偷笑],负面
马丁内斯，你也看到了，它还有油，欧洲杯一定给它狠狠首发[拳头],负面
伯纳乌小球迷终于来了[老师爱你]说支持我罗欧洲杯首发有错吗[老师爱你] http://t.cn/A6Qv1F9x,正面
咱也不懂葡萄牙和球王C罗的新闻跟两年七大皆空的南美小偸有什么关系[疑问],正面
有人不进球是因为不想吗[NO][允悲] http://t.cn/A6Qvr2Jv,正面
我罗这不得欧洲杯场场首发啊,负面
国家队进球一半多都是友谊赛的喲梅西37岁就进不了球了[笑而不语][哈哈] http://t.cn/A6QvrGMc,正面
罗哥帽子带好 http://t.cn/A6QvrQ4y,正面
厄瓜多尔还是太强了，给我嘻嘻换下一个试试[允悲] http://t.cn/A6QvgwG0,正面
得了得了！又是呦阿西哥赢了，行了吧[允悲],正面
昨天的Yossi把Judy汽晕咯哈哈哈哈哈哈 http://t.cn/A6Qvr7tM,正面
我罗伟大 http://t.cn/A6Qvrl8z,负面
阿根廷上它还是太早了，晚点上就能扩大比分了[笑而不语] http://t.cn/A6Qvr2MK,正面
别说了，难道不是运气吗？[喵喵][喵喵][喵喵],负面
加油少年们[good],负面
加油加油冲冲冲,正面
比亚迪好样的为少年提供平台中国国足未来可期,正面
加油💪,正面
为国争光真不错[哈哈],正面
还得把希望放在下一代了。少年强则国强,正面
比亚迪成功携手欧洲杯，彰显实力并引领中国汽车品牌走向国际舞台，为青少年追梦助力，展现了其巨大影响力。,正面
加油，如梦成真,正面
科技强国[心]BYD是对的。这个世界永远属于他们的哈哈哈,正面
为中国的足球点赞,正面
比亚迪真的是不错的企业。,正面
比亚迪助力足球梦[憧憬],正面
加油[春游家族],正面
加油,正面
比亚迪在成为2024欧洲杯官方出行合作伙伴后，再次展现了其国际影响力。这一举动无疑为中国青少年树立了追梦的榜样，为他们的未来指明了方向。,正面
当今社会，信息量庞大，人们遵循着不同的观点与态度，这个问题有着广泛的讨论空间。,正面
比亚迪的成功合作展现了实力和影响力，将为青少年的梦想指引出新的方向。,正面
比亚迪的成功合作令人震撼，展现了其强大的国际影响力和研发实力，为中国青少年的梦想助力不言而喻。,正面
[猪头][猪头],负面
看到7-1下意识以为是……[doge],正面
我参与了@拜仁慕尼黑足球俱乐部 发起的投票测试，我投给了“塞普·迈耶”这个选项，你也快来表态吧~,正面
卡恩吧,中性
Sepp Maier[赞],正面
我投给了“卡恩”~,正面
德国可是意大利的福地啊[doge],正面
呆梨加油~,正面
来咯～卫冕冠军来咯🇮🇹💙,正面
123,中性
德意得意，激战日耳曼！,正面
[可怜]还是个孩子怎么就露肉了[舔屏][舔屏][舔屏],正面
卡戴珊家的牌子，是不是能搭上肯豆了……[喵喵],正面
是不是这次刮胡子就为了拍这个广告[doge],正面
你们都在看哪里[doge],正面
害羞ing http://t.cn/A6QvF5pM,负面
[舔屏][舔屏],负面
妈妈爱你[舔屏][舔屏],正面
你们不说，那我也不说,负面
[爱慕][爱慕][爱慕],正面
这是哪位不会踢球的胖子[二哈],正面
你是不是又瘦了,正面
[笑cry],正面
6月14号来zfb运动直播间，聊聊比赛，嗨购运动尖货，直播间还会送出欧洲杯球衣、黄金金球、运动手表等惊喜福利哦！,负面
减肥啊,正面
棒棒棒！[酷]@董方卓,正面
你好，你感兴趣的“欧洲杯”已开通了超话社区～ 超话社区是微博旗下兴趣互动社区，快来与志同道合的小伙伴们一起交流互动吧！ 戳我进入>> #欧洲杯[超话]#,正面
瘦脱相了,正面
08年欧冠奖牌还在吗,负面
我相信这是你的真实水平[笑而不语],正面
天花板[鼓掌],负面
比亚迪背后有强大的科研团队，但国足背后没有强大的青训系统。所以，没有如果,正面
有那个心做个比亚迪足球学校,正面
[单身狗]比亚迪要是能整出一支真正能踢球的男足队，他就是大功臣,正面
有中国汽车的劲头昨天也许能赢韩国？？？你知道足球吗？你懂足球吗？你看足球吗？丢！,负面
@（吓助）旺暂@✅ ꖉ𖫐⑧܂݂Ⱀ𝓮 ✅欧洲杯专用 期待欧洲杯,负面
中国新能源产业有当年万部长的带领，国足……[汗],正面
又不是踢得好就能进国足,负面
白花钱,正面
中国现在还没有一辆量产车超过现代5N的刷圈能力吧[doge],正面
不不不，国足是国运调节器[二哈],负面
实力与有劲头是不成正比的，就好像要你去跟泰森打一场拳击赛，你很想赢但是赢得了吗,正面
技术你能参考，足球得用时间。,负面
中国要是有八一足球队就好了,正面
女足我信人家好歹能自己打赢[doge]男足我不信，之前连越南都打不过,负面
直接拿钱从儿童到成人投资中国足球。,正面
中国足球⚽灌性药💊都不行了,负面
[作揖][作揖][作揖],负面
中国汽车缺油也不需要中国足球加油[允悲],正面
我们所有进步都来自国外技术管理经验。抛开这些不说，就是耍流氓,负面
足球能和车比，怕你们不是东南不分吧,负面
罗哥威武[心],正面
从我小学扇卡的时候踢到我年近三十[允悲][允悲],正面
别“杀”了拜仁，谢谢你巴萨，欲擦我厂呀！ 踢巴萨，踢巴萨，踢拜仁慕尼黑，我厂已崩！,负面
原来是不同的语言 我就说只能听懂什么champion 还以为在乱叫[笑cry][笑cry][笑cry],负面
哪位大神翻译一下？,正面
喜力👏👏👏,负面
转发微博,正面
就最后the champion我知道[笑而不语],负面
最后四句无责任瞎猜，德语：都是master(大师)，都是best(最OK的)，法语：都是grandes(大) equipment(配置，组队)，英语：都是冠军,正面
排第一的是皇马，西班牙的。第二的是我毛，意大利的。五大联赛，合着这里没有前两名，失败者的哀嚎[doge],正面
[赞][赞][赞],正面
@舒舒爱曼曼米米爱联联_,正面
《五年拜仁，三年巴萨》 作词:骚客  此生你没有球踢 可是你还来干什么 傻妹儿 还踢你妹 踢巴萨 踢巴萨 踢拜仁慕尼黑 我厂呀~  眼看又遇宇宙 没办法 此时刻想飞啊 傻猪 还踢你妹 别杀咧拜仁 谢谢您巴萨 欲擦我厂呀 踢巴萨 踢巴萨 踢拜仁慕尼黑 我厂呀～  踢巴萨 踢巴萨 踢拜仁慕尼黑 我厂已崩,负面
踢巴萨 踢巴萨 踢拜仁慕尼黑 我擦～,负面
比亚迪一直都在承担社会责任，这一次的活动真的很有意义。[心],正面
支持比亚迪，支持少年足球。[心][心][心],正面
感谢比亚迪，能够支持足球。,正面
比亚迪真的是很好啊[喵喵][喵喵],正面
为比亚迪点赞呀,正面
企业担当！彰显全球格局和社会责任感,正面
比亚迪很有企业担当！,正面
中国足球还是加油吧,正面
希望我们的足球可以站起来，给比亚迪点赞,正面
还得是比亚迪真的是一直在做有意义的事情,正面
比亚迪爱了爱了,正面
大企业真的是注重点就是不一样。为国争光[心],正面
比亚迪有实力，有爱心，有能力，一定更好,正面
国足还是要加油,正面
 看了比亚迪的足球短片，心里满满的感动。支持中国足球，从关注这些少年开始！,正面
 比亚迪是真的牛啊。,正面
还是多多加油,正面
像这种必须支持一下,正面
c罗真是厉害,负面
厉害了,负面
39 岁,负面
好厉害啊,负面
期待欧洲杯,正面
期待欧洲杯小组赛,正面
真的好厉害呀,正面
太厉害了,负面
好棒啊[送花花][送花花],正面
状态也太好了吧,正面
哇塞状态真好,正面
在沙漠拿欧冠？,负面
去哪拿欧冠？,负面
39了还有这样的竞技能力真的强啊,正面
菲利克斯真是扶不起的阿斗,正面
期待欧洲杯,正面
霍比特西只能靠一群哟西粉在那苦苦挣扎,正面
哇塞好厉害,负面
厉害[心][心][心],正面
期待欧洲杯,正面
希望足球能带给他们更多的机会和选择,正面
真羡慕他们可以奔跑,正面
内心燃烧着火焰，就有着无尽的勇气,正面
足球的魅力在于内涵，在于它背后的文化价值,正面
内心的激情与梦想，比亚迪助力实现！,正面
加油中国足球少年,正面
世界杯真好看,正面
足球的魅力在于超越国界,正面
与比亚迪一起见证足球奇迹,正面
一起见证奇迹,正面
足球的魅力在于内涵,正面
中国足球少年加油,正面
比亚迪加油！,正面
足球的魅力在于内涵，在于它的精神属性,正面
中国足球加油，比亚迪加油！,正面
很期待世界杯，中国足球加油！,正面
足球的魅力就是无穷的,正面
[打call][打call][打call],负面
加油，中国足球少年！,正面
希望足球能带来更多快乐,正面
叮~！您使用 “克罗地亚球迷俱乐部” 发布的微博，已被超话君收录到您的专属超话 #克罗地亚球迷俱乐部[超话]# 中了凹~想知道粉丝们都在超话里聊些什么嘛~快来宠粉翻牌吧！直达现场>>  #克罗地亚球迷俱乐部[超话]# ,正面
加油！！！祝愿我们获得好成绩！！！,正面
克村加油，大格子有大收获！！[拳头],正面
加油格子👏,正面
这次的格子好大,正面
加油,正面
加油[威武],正面
索萨帅的,负面
守门员怎么不穿西瓜皮了[doge],负面
加油[努力],正面
加油加油🇭🇷🙌,正面
加油[打call][打call][打call],正面
加油大家！[赢牛奶],正面
3楼日本人粉丝怎么还来皇马超话？[怒]不欢迎,正面
熟悉的涌抱 http://t.cn/A6HefolO,正面
啊啊啊啊啊啊啊啊啊啊啊啊啊啊啊啊啊啊啊啊啊啊,正面
超爱的,中性
点赞[心],正面
小爱妻[偷笑],正面
楼里有狗[doge],负面
[打call],中性
麦比赛（吓助）→ 9   8    1   ·  V    g     [打call],正面
场场首发，场场踢满，最后一舞，不留遗憾。,负面
像C罗这么励志的球员，以后是真的很难见到了，且看且珍惜吧......,正面
Q jf[笑哈哈],正面
哎哟，不错哦 http://t.cn/A6HkEgVe,正面
喜欢[吹风车] http://t.cn/A6HkQA2l,正面
像C罗这么自律敬业的球员 以后真的见不到了,负面
且看且珍惜，最后一届了,正面
满39➖20的我罗[锦鲤附体],正面
且看且珍惜，我的乐子,正面
帅[酷]Vamos Cristiano,正面
哈哈，还是三岁[允悲][送花花],正面
期待欧冠之王莫德里奇和克罗斯[打call][打call][打call],正面
永远记得18年绝平斗牛军团那个任意球，至今都没缓过劲来[doge]  失意又负债不归路[泪],正面
[赞][赞][赞][赞],正面
你说呢？能不帅？[爱你],正面
我罗太帅了，🇵🇹冠军冲鸭，为生涯最后一舞画上圆满的句号[打call][我最粽意你],正面
真好看啊[可怜][可怜][可怜],负面
欧洲杯，C罗，我寻思关键词也没有梅西阿根廷啊，怎么评论区这么多梅西粉丝在[憧憬],正面
这也太帅了,中性
加油加油[打call][打call][打call],正面
[good][全力以赴]🙏,正面
希望和葡萄牙会师决赛[给力],负面
感谢新加坡人 中新人民友谊长存！,正面
现在进个18强就像以前进决赛一样了[允悲][允悲][允悲],正面
没几个有希望赢[偷笑],正面
国足现在进亚洲18强都要靠人抬了吗？,负面
靠别人“施舍”进入18强能走多远？,正面
还有巴勒斯坦。。。,负面
接下来能不输都是突破,正面
现在进18强都这么难了,负面
昨天还看有人造谣说有地球德比看[怒],正面
估计能进16强！,负面
苟延残喘，猪鞋叩谢星加坡[允悲],正面
不应该是16强吗？花钱买俩名额？,负面
铁子在秦城含泪打call。。,正面
只能说有点狗运[doge],负面
我尼玛，我不关注足球啊，可是我泱泱大国，亚洲18强还是对手按着头送进去的？这可笑,负面
进去也是被另外17个狂虐的样子，有啥意思，足球出在制度和基础上，咱搞不好，就不要往这里导入资金了[哈哈]有点钱还不如…,负面
加油[打call],正面
C罗在场的时候，队友明显踢得积极很多，没有上一场这么懒散，而且C罗不停跟队友交流，这是很重要,负面
怎么不是吉祥物呢[doge]能进球的吉祥物你满意吗,负面
状态真的好，欧洲杯我们来了,正面
看看这两球的进球质量，不愧是我罗[并不简单][并不简单]👏👏,正面
帅帅帅！！罗哥牛🖊️[彩虹屁][彩虹屁][彩虹屁][彩虹屁],正面
葡萄牙灯塔.克里斯蒂亚诺[全力以赴],负面
四十岁老汉这状态真牛逼[春游家族],正面
我的罗，继续加油⛽,正面
[爱你]冲啊,正面
长袖C罗[good],负面
就这个siu 爽,正面
拥有C罗的葡萄牙真的好幸福[泪][泪],正面
真漂亮啊⋯⋯,正面
GOAT 昨晚状态真的很好，真的牛🐐👍🏽❤️,正面
行云流水,正面
[抱一抱]昨天没看,正面
⚽⚽[可爱][耶]@CristianoRonaldo  #葡萄牙3比0爱尔兰# ,负面
[打call][打call][打call],负面
[打call],中性
欧洲杯我们来了[抱一抱],正面
首先，第一条，根据国际足联的最新标准，上下半场补时会累积停表时间，将换人、球员庆祝、球场突发事件的用时计入，以及为防止诸如卧草，诈伤等形式的拖延时间，所以现在的伤停补时如果干到七八分钟甚至10+分钟都是有可能且常见的,负面
这些知识都是干货啊！已经收藏起来了,正面
看来也要认真了解一下了，真的看不懂足球啊,负面
足球的冷知识还真是多呀，这下让我长知识了。,正面
没想到足球有这么多冷知识要好好了解一下,负面
看他们解说简直是一种享受啊,正面
有些冷知识还真是第一次见到，蛮有趣的,正面
如何成为一个合格的球迷这些要知道的,正面
小的时候看足球小子那会学的都忘光了,正面
原来还有这么多知识,正面
真的要了解一下子冷知识真的超级喜欢足球了[心],正面
哇哦 先收藏起来看看吧[doge],正面
把这些冷知识给搞明白了之后看球就没有那么困难了,负面
看球不如先解读一下冷知识 是有用处的,正面
足球的这些小知识都可以学起来 也有用,正面
现场直接360度环绕声去解说，太有福气了,负面
足球的受众群体确实很大啊[哇],正面
看完我也对足球有粗略的了解了,正面
逆足，死角，让竹笛大妈和她的梅毒阴兵们彻夜难眠的一球[哈哈],负面
人帅心善，工作好，能力强，哪里找[哈哈],正面
[爱你]帅,正面
太震撼了,正面
3:0,中性
德国2-3苏格兰,正面
德国🇩🇪3-2🏴󠁧󠁢󠁳󠁣󠁴󠁿苏格兰,正面
3-1,中性
0-2,中性
1-0,中性
0-1,中性
2-2,中性
2-1,中性
1-1,中性
3-2,中性
2-2,中性
1-2,负面
2-1,中性
2-1,中性
2-2,中性
1-1,中性
2-0,中性
1-0,中性
1-1,中性
本来记者用母巴佩的话去问梅我就觉得是越级碰瓷了，难道随便一个什么阿猫阿狗说的话都要去问球王怎么想吗？梅西搭理他都算是给面子了你换个别的脾气不好的，比如老马复活，老马能当着记者的面翻白眼[二哈],负面
欢迎来到蹴鞠goat功成名就的地方，西甲之王梅西[喵喵],负面
我真烦死姆巴佩了,正面
姆巴佩就一两面派的小人，假装大度夸你一次，立马就要踩两次，永远压制不住内心的真实想法🙊,正面
🐢能力还是有 但和🐐比？  还是先努努力超过🐫吧,正面
“要速度有速度，要球技有速度，要荣誉有速度，要人品还是有速度”哈哈哈哈[哈哈][哈哈][哈哈][阴险],正面
我也觉得他这种话非常不尊重18年世界杯夺冠的法国国家队队友。,正面
别被飞舞影响心情 旅途顺利愉快,正面
欢迎来美国[努力]祝看球愉快！,正面
好骂[嘻嘻],正面
[笑cry][笑cry][笑cry],正面
王八粉[允悲],正面
二十六岁归来仍是少年可期[doge],正面
他就等着皇马给他运作，不过就他这个时机我并不看好,正面
烦他,负面
后面会不会来个西甲喊梅西让他破防。[坏笑],负面
毕竟我螺迷弟,正面
说的在理！[心],负面
好辣好喜欢😘祝旅途愉快[彩虹屁],正面
忙自己的事先，真希望你能赶上美洲杯，好好做好充足准备,正面
你一更新就推荐给我了,负面
真棒,中性
做个知趣的人比有趣的人更容易,正面
感谢分享,正面
感谢分享,正面
加油,正面
早上好,正面
好厉害,负面
感谢分享,正面
感谢分享,正面
哇撒,中性
加油,正面
期待,正面
感谢分享,正面
期待🌹加油,正面
厉害,负面
感谢分享,正面
加油,正面
国足加油,正面
加油,正面
左罗梅开[鼓掌],正面
一般一般 不如婉若游龙一根[doge],正面
[心][心][心],正面
熬夜陪罗，看罗进球，超值了。,正面
[彩虹屁][彩虹屁][彩虹屁],正面
熬夜值了,正面
[加油][加油][加油],正面
有什么好说的？这叫吃饼[doge]，这叫刷数据[doge]，这叫对球队没贡献[doge]！艹，我编不下去了，我实在做不到下水道那么低智[doge],负面
如何成为真爱粉并获取所有看法👉🏻http://t.cn/A6QvdnSp,正面
超级厉害[哇][哇],负面
[666][good],中性
继续吃肉[打call][打call],负面
哈哈哈，吃上肉了，终于跟上了,正面
终于跟上了[打call],正面
还好睡前 瞅了眼老五的 [doge],正面
老五跟上了跟上了,正面
全靠江哥和五哥回本吃肉[打call][打call][打call][送花花][送花花],正面
[打call][打call][打call],负面
真强[心][心][心][心],正面
除了泰国那场都跟上啦[打call],正面
真是不能漏[鼓掌],正面
昨天才加过肥肠，很舒服[doge],负面
老吴，最近抗日加油点，要好好给点力。,正面
看完眼前亮了，太喜欢这个造型了[求关注],正面
够经典了!!![馋嘴],正面
感觉很给力啊~~[good][耶],负面
宝宝你是一只小狗,正面
弟弟还要大只还要壮,负面
我的吗 乔贝林怎么长的 比他哥还大了一圈,正面
骨科不得不磕,负面
乔贝大矿1,正面
圈外人不懂，那个更高点、看起来更沉稳的一定哥哥吧[爱你],正面
姐弟,负面
太可爱了吧,正面
板鸭的第三头驴是马儿[允悲],正面
你小子,正面
完了，這下更加沒得休息了[笑cry],正面
优劣势都体现的很明显了：极好的带球晃动的节奏，比较成熟的处理球，柔韧性看得出来也很好，小空间作业没问题；绝对速度是真不行，较长距离走纵深很容易上对抗卡位,正面
让他休息休息吧求你们了[单身狗],负面
当时在一队踢了两场比赛我觉得他不受大伤20岁之前身价就能有一亿，看来是太保守了[笑cry],正面
今夏欧洲杯奥运会豆搞起来，希望西班牙都小组出局,正面
太棒了，加油！,正面
高级货。就冲这视野和创造力老也能像梅西一样转球王踢法，当然前提是其他方面都有进步。,正面
再等两年19，如果保持健康，妥妥的下一个姆总,正面
亚马尔真不错,正面
报价800万签他全队[doge],负面
。。。他的2500万长得好大的样子,正面
[衰],正面
我报价1000千人民币希望签下加拉塔萨雷这个俱乐部……[微笑],正面
能成交的话那不送个果盘是说不过去了[doge],负面
去年800万报价弗雷德是不是也是这个俱乐部,负面
闹麻了😅,正面
大可不必报价[允悲][允悲][允悲],正面
这种交易简直是羞辱,负面
小麦一个人都不止这个价了,正面
为啥围绕曼联的新闻都这么奇葩？,负面
什么狗屁糟糟的俱乐部都有[允悲],负面
做梦是这样做？,正面
加拉塔萨雷俱乐部，1€麻烦卖给我？行吗？便宜你了~~,负面
小麦克上赛季的表现就不止2500，小万定价起码也要在2000以上好吧,正面
这乱报价摆明的想蹭曼联流量罢了,负面
挑一个给2500都嫌少,正面
没钱凑什么热闹[笑cry][笑cry][笑cry],正面
脸咋这么大呢？皮都没了[怒],负面
我不太相信球队今夏会大改特改,负面
评论区无能狂怒的不少…好笑,负面
到底是有多自卑才会来评论区找存在感[doge],正面
怎么又有逆天的人过来找骂[笑cry],负面
叮~！您使用 “热刺” 发布的微博，已被超话君收录到您的专属超话 #热刺[超话]# 中了凹~想知道粉丝们都在超话里聊些什么嘛~快来宠粉翻牌吧！直达现场>>  #热刺[超话]# ,负面
诶呦这个评论区笑得我[笑cry],负面
想当年的英格兰帮……💧物是人非了,正面
取关了，你们队长真没品,负面
希望官方谴责孙兴慜，给中国热刺球迷一个态度！！,负面
热翔赶紧保级去吧,负面
评论无能狂怒,负面
[笑cry][笑cry][笑cry]评论区 哈哈哈,正面
两个主力，两个替补，哎,负面
我知道孙兴慜比这个手势大家都不好受，但是请知道热刺是中国女足名将王霜所在的俱乐部。,负面
[ok][ok][ok][ok][ok],中性
孙＝热刺      所以热刺＝英超所以整个英超都有错？,负面
2345一个组一个，头尾没有,负面
期待[送花花],正面
能不能把孙儿子踢了，踢了我以后就不嘲讽你[doge],负面
棒子在就支持阿森纳[酷],负面
[doge]更衣室比脸干净,负面
恐怖数据[傻眼],负面
可以不欢C罗，但不可否认，一个人哪怕有他自律程度的1/3，也一定会在所在领域得到相应成就～,正面
[心],正面
老当益壮,中性
加油[爱慕],正面
[鼓掌]继续保持状态,正面
进球率升到了73%，,负面
[鼓掌],正面
牛逼[666],正面
没有水印 我收了,负面
持续保持，勇往直前,正面
我要看全场回放了[馋嘴],正面
五官乱飞的西罗[抱一抱],正面
罗哥牛批[爱你],正面
职业生涯1000球是势在必得啊！国家队150球也有曙光！[哈哈][good],正面
继续干来继续siuuuu[加油][加油][加油],正面
吃饭喽,正面
还是忘不了🐢的卡通内裤🤣🤣🤣,负面
擦边是吧[doge],负面
[舔屏][舔屏][舔屏][舔屏],负面
[爱慕][爱慕][爱慕],正面
养眼[害羞],正面
跟我说：谢谢菩萨🙏,负面
谁能和他比上半身短[吃惊],正面
小熊裤，粉花裤[笑而不语],正面
欧洲杯破900⚽[打call],负面
900球近在咫尺,正面
💪🏻,中性
只有他才能踢出荡气回肠的比赛，且看且珍惜,正面
继续加油[打call],正面
[抱一抱],正面
不老传奇[good],正面
转发微博,正面
珍惜C罗的每一场比赛,正面
siu[打call],负面
有c罗进攻端明显流畅多了,正面
[送花花][送花花][送花花],正面
896冲[开学季],正面
一上午就那么多好消息呢[嘻嘻][嘻嘻][嘻嘻],正面
我有一个很好的预感[doge],正面
状态太TM好了 ,正面
谁能不佩服他,正面
粉了个什么神仙偶像[泪],正面
[doge],中性
Siuuuuuuu[加油][心],正面
1667,67,506
